CREATE DATABASE  IF NOT EXISTS `smartwarehouse_db` /*!40100 DEFAULT CHARACTER SET utf8mb4 COLLATE utf8mb4_general_ci */ /*!80016 DEFAULT ENCRYPTION='N' */;
USE `smartwarehouse_db`;
-- MySQL dump 10.13  Distrib 8.0.41, for Win64 (x86_64)
--
-- Host: localhost    Database: smartwarehouse_db
-- ------------------------------------------------------
-- Server version	9.2.0

/*!40101 SET @OLD_CHARACTER_SET_CLIENT=@@CHARACTER_SET_CLIENT */;
/*!40101 SET @OLD_CHARACTER_SET_RESULTS=@@CHARACTER_SET_RESULTS */;
/*!40101 SET @OLD_COLLATION_CONNECTION=@@COLLATION_CONNECTION */;
/*!50503 SET NAMES utf8 */;
/*!40103 SET @OLD_TIME_ZONE=@@TIME_ZONE */;
/*!40103 SET TIME_ZONE='+00:00' */;
/*!40014 SET @OLD_UNIQUE_CHECKS=@@UNIQUE_CHECKS, UNIQUE_CHECKS=0 */;
/*!40014 SET @OLD_FOREIGN_KEY_CHECKS=@@FOREIGN_KEY_CHECKS, FOREIGN_KEY_CHECKS=0 */;
/*!40101 SET @OLD_SQL_MODE=@@SQL_MODE, SQL_MODE='NO_AUTO_VALUE_ON_ZERO' */;
/*!40111 SET @OLD_SQL_NOTES=@@SQL_NOTES, SQL_NOTES=0 */;

--
-- Table structure for table `albaran`
--

DROP TABLE IF EXISTS `albaran`;
/*!40101 SET @saved_cs_client     = @@character_set_client */;
/*!50503 SET character_set_client = utf8mb4 */;
CREATE TABLE `albaran` (
  `idAlbaran` int NOT NULL AUTO_INCREMENT,
  `idPedido` int DEFAULT NULL,
  `fechaGeneracion` datetime DEFAULT NULL,
  `entregadoPor` int DEFAULT NULL,
  `recibidoPor` varchar(100) COLLATE utf8mb4_general_ci DEFAULT NULL,
  `estado` varchar(50) COLLATE utf8mb4_general_ci DEFAULT 'generado',
  PRIMARY KEY (`idAlbaran`),
  KEY `idPedido` (`idPedido`),
  KEY `entregadoPor` (`entregadoPor`),
  CONSTRAINT `albaran_ibfk_1` FOREIGN KEY (`idPedido`) REFERENCES `pedido` (`idPedido`),
  CONSTRAINT `albaran_ibfk_2` FOREIGN KEY (`entregadoPor`) REFERENCES `usuario` (`idUsuario`)
) ENGINE=InnoDB AUTO_INCREMENT=23 DEFAULT CHARSET=utf8mb4 COLLATE=utf8mb4_general_ci;
/*!40101 SET character_set_client = @saved_cs_client */;

--
-- Dumping data for table `albaran`
--

LOCK TABLES `albaran` WRITE;
/*!40000 ALTER TABLE `albaran` DISABLE KEYS */;
INSERT INTO `albaran` VALUES (1,1,'2025-01-01 12:00:00',3,'Carlos Ruiz','generado'),(2,2,'2025-01-02 13:10:00',4,'Ana Sánchez','generado'),(3,3,'2025-01-03 10:30:00',3,'Carlos Ruiz','generado'),(10,10,'2025-12-08 20:56:21',3,'','generado'),(11,14,'2025-12-11 21:48:55',3,'','generado'),(19,16,'2025-12-11 22:34:28',3,'','generado'),(22,15,'2025-12-12 00:07:02',3,'','generado');
/*!40000 ALTER TABLE `albaran` ENABLE KEYS */;
UNLOCK TABLES;

--
-- Table structure for table `detallepedido`
--

DROP TABLE IF EXISTS `detallepedido`;
/*!40101 SET @saved_cs_client     = @@character_set_client */;
/*!50503 SET character_set_client = utf8mb4 */;
CREATE TABLE `detallepedido` (
  `idDetalle` int NOT NULL AUTO_INCREMENT,
  `idPedido` int DEFAULT NULL,
  `idProducto` int DEFAULT NULL,
  `cantidad` int DEFAULT NULL,
  `subtotal` decimal(10,2) DEFAULT NULL,
  PRIMARY KEY (`idDetalle`),
  KEY `idPedido` (`idPedido`),
  KEY `idProducto` (`idProducto`),
  CONSTRAINT `detallepedido_ibfk_1` FOREIGN KEY (`idPedido`) REFERENCES `pedido` (`idPedido`),
  CONSTRAINT `detallepedido_ibfk_2` FOREIGN KEY (`idProducto`) REFERENCES `producto` (`idProducto`)
) ENGINE=InnoDB AUTO_INCREMENT=52 DEFAULT CHARSET=utf8mb4 COLLATE=utf8mb4_general_ci;
/*!40101 SET character_set_client = @saved_cs_client */;

--
-- Dumping data for table `detallepedido`
--

LOCK TABLES `detallepedido` WRITE;
/*!40000 ALTER TABLE `detallepedido` DISABLE KEYS */;
INSERT INTO `detallepedido` VALUES (1,1,1,2,39.98),(2,1,3,1,4.50),(3,2,2,5,4.00),(4,2,4,1,12.90),(5,3,5,2,6.40),(8,9,4,2,25.80),(9,9,1,1,19.99),(10,10,5,5,16.00),(11,10,4,1,12.90),(12,10,1,1,19.99),(13,10,3,1,4.50),(14,11,3,3,13.50),(15,11,5,4,12.80),(16,11,1,3,59.97),(17,12,45,1,4.99),(18,12,39,1,19.99),(19,13,23,1,6.40),(20,13,14,1,8.75),(21,13,4,1,12.90),(22,13,11,1,14.95),(23,13,35,1,9.90),(24,13,32,1,16.99),(25,14,39,4,79.96),(26,14,45,1,4.99),(27,14,53,1,7.99),(28,14,12,1,11.50),(29,14,2,1,0.80),(30,15,45,2,9.98),(31,15,39,2,39.98),(32,15,25,3,7.50),(33,15,17,1,5.99),(34,16,39,6,119.94),(35,17,39,1,19.99),(36,17,45,1,4.99),(37,17,25,1,2.50),(38,17,17,1,5.99),(39,17,30,1,14.99),(40,18,18,1,3.50),(41,18,50,1,5.60),(42,18,11,1,14.95),(43,18,49,1,2.20),(44,19,45,1,4.99),(45,19,39,1,19.99),(46,19,17,1,5.99),(47,19,25,1,2.50),(48,19,30,1,14.99),(49,19,53,1,7.99),(50,20,13,1,19.99),(51,20,23,2,12.80);
/*!40000 ALTER TABLE `detallepedido` ENABLE KEYS */;
UNLOCK TABLES;

--
-- Table structure for table `factura`
--

DROP TABLE IF EXISTS `factura`;
/*!40101 SET @saved_cs_client     = @@character_set_client */;
/*!50503 SET character_set_client = utf8mb4 */;
CREATE TABLE `factura` (
  `idFactura` int NOT NULL AUTO_INCREMENT,
  `idPedido` int DEFAULT NULL,
  `fechaEmision` datetime DEFAULT NULL,
  `subtotal` decimal(10,2) DEFAULT NULL,
  `iva` decimal(10,2) DEFAULT NULL,
  `total` decimal(10,2) DEFAULT NULL,
  `Activo` tinyint(1) DEFAULT '1',
  PRIMARY KEY (`idFactura`),
  KEY `idPedido` (`idPedido`),
  CONSTRAINT `factura_ibfk_1` FOREIGN KEY (`idPedido`) REFERENCES `pedido` (`idPedido`)
) ENGINE=InnoDB AUTO_INCREMENT=32 DEFAULT CHARSET=utf8mb4 COLLATE=utf8mb4_general_ci;
/*!40101 SET character_set_client = @saved_cs_client */;

--
-- Dumping data for table `factura`
--

LOCK TABLES `factura` WRITE;
/*!40000 ALTER TABLE `factura` DISABLE KEYS */;
INSERT INTO `factura` VALUES (1,1,'2025-01-01 11:00:00',44.48,9.34,53.82,1),(2,2,'2025-01-02 12:00:00',16.90,3.55,20.45,1),(17,3,'2025-12-08 18:13:27',6.40,1.34,7.74,1),(28,10,'2025-12-08 20:55:58',53.39,21.00,74.39,1),(29,14,'2025-12-11 22:18:52',105.24,22.10,127.34,1),(30,15,'2025-12-11 23:30:25',63.45,13.32,76.77,0),(31,15,'2025-12-12 00:06:15',63.45,13.32,76.77,1);
/*!40000 ALTER TABLE `factura` ENABLE KEYS */;
UNLOCK TABLES;

--
-- Table structure for table `pedido`
--

DROP TABLE IF EXISTS `pedido`;
/*!40101 SET @saved_cs_client     = @@character_set_client */;
/*!50503 SET character_set_client = utf8mb4 */;
CREATE TABLE `pedido` (
  `idPedido` int NOT NULL AUTO_INCREMENT,
  `fechaPedido` datetime DEFAULT NULL,
  `estado` enum('pendiente','preparado','en_reparto','entregado') COLLATE utf8mb4_general_ci DEFAULT NULL,
  `idCliente` int DEFAULT NULL,
  `idRepartidor` int DEFAULT NULL,
  `FechaEntrega` datetime DEFAULT NULL,
  `ciudad` varchar(100) COLLATE utf8mb4_general_ci DEFAULT NULL,
  `codigoPostal` varchar(20) COLLATE utf8mb4_general_ci DEFAULT NULL,
  `latitud` decimal(10,6) DEFAULT NULL,
  `longitud` decimal(10,6) DEFAULT NULL,
  `DireccionEntrega` varchar(255) COLLATE utf8mb4_general_ci DEFAULT NULL,
  `Notas` text COLLATE utf8mb4_general_ci,
  PRIMARY KEY (`idPedido`),
  KEY `idCliente` (`idCliente`),
  KEY `idRepartidor` (`idRepartidor`),
  CONSTRAINT `pedido_ibfk_1` FOREIGN KEY (`idCliente`) REFERENCES `usuario` (`idUsuario`),
  CONSTRAINT `pedido_ibfk_2` FOREIGN KEY (`idRepartidor`) REFERENCES `usuario` (`idUsuario`)
) ENGINE=InnoDB AUTO_INCREMENT=21 DEFAULT CHARSET=utf8mb4 COLLATE=utf8mb4_general_ci;
/*!40101 SET character_set_client = @saved_cs_client */;

--
-- Dumping data for table `pedido`
--

LOCK TABLES `pedido` WRITE;
/*!40000 ALTER TABLE `pedido` DISABLE KEYS */;
INSERT INTO `pedido` VALUES (1,'2025-01-01 10:30:00','en_reparto',5,3,NULL,'Madrid','28013',40.416800,-3.703800,'Av. Reforma 123, Col. Centro',NULL),(2,'2025-01-02 11:15:00','en_reparto',6,4,NULL,'Barcelona','08002',41.385100,2.173400,'Calle 5 de Mayo 45, Roma Norte',NULL),(3,'2025-01-03 09:45:00','entregado',5,3,'2025-12-05 21:00:21','Valencia','46001',39.469900,-0.376300,'Blvd. Kukulcán 10, Cancún',NULL),(4,'2025-11-23 22:54:09','en_reparto',3,3,NULL,'Sevilla','41001',37.388600,-5.982300,'Av. Siempre Viva 742, Springfield',NULL),(9,'2025-12-05 22:49:00','en_reparto',5,3,NULL,'Madrid','28038',40.391961,-3.639728,'Calle Luis Marin 8',NULL),(10,'2025-12-05 23:32:24','entregado',5,3,'2025-12-08 18:20:12','Madrid','28906',40.315198,-3.703524,'Calle Señora Cornelia 1','John tonto'),(11,'2025-12-08 21:15:38','en_reparto',5,3,NULL,'Madrid','28038',40.391961,-3.639728,'Calle Luis Marin 8',NULL),(12,'2025-12-09 10:42:41','en_reparto',5,3,NULL,'Madrid','28038',40.391961,-3.639728,'Calle Luis Marin 8',NULL),(13,'2025-12-09 13:28:18','en_reparto',5,3,NULL,'Madrid','28038',40.391961,-3.639728,'Calle Luis Marin 8',NULL),(14,'2025-12-10 20:31:23','entregado',5,3,'2025-12-10 21:26:39','Madrid','28038',40.391961,-3.639728,'Calle Luis Marin 8',NULL),(15,'2025-12-10 21:16:00','entregado',5,3,'2025-12-10 21:19:50','Madrid','28096',40.315198,-3.703524,'Calle Señora Cornelia 1',NULL),(16,'2025-12-10 21:27:27','entregado',5,3,NULL,'Madrid','28038',40.389537,-3.642187,'Calle San Claudio 60',NULL),(17,'2025-12-10 21:48:22','preparado',5,3,NULL,'Madrid','28038',40.391961,-3.639728,'calle Luis Marin 8',NULL),(18,'2025-12-11 19:56:01','preparado',5,3,NULL,'Madrid','28038',40.391961,-3.639728,'Calle Luis Marin 8',NULL),(19,'2025-12-11 21:47:06','preparado',5,9,NULL,'Madrid','28038',40.391961,-3.639728,'Calle Luis Marin 8',NULL),(20,'2025-12-12 00:30:05','preparado',8,9,NULL,'Madrid','2',40.416728,-3.703291,'Avenida test @','@#$%*');
/*!40000 ALTER TABLE `pedido` ENABLE KEYS */;
UNLOCK TABLES;

--
-- Table structure for table `producto`
--

DROP TABLE IF EXISTS `producto`;
/*!40101 SET @saved_cs_client     = @@character_set_client */;
/*!50503 SET character_set_client = utf8mb4 */;
CREATE TABLE `producto` (
  `idProducto` int NOT NULL AUTO_INCREMENT,
  `nombre` varchar(100) COLLATE utf8mb4_general_ci DEFAULT NULL,
  `descripcion` text COLLATE utf8mb4_general_ci,
  `precio` decimal(10,2) DEFAULT NULL,
  `stock` int DEFAULT NULL,
  `categoria` varchar(50) COLLATE utf8mb4_general_ci DEFAULT NULL,
  `Activo` tinyint DEFAULT '1',
  PRIMARY KEY (`idProducto`)
) ENGINE=InnoDB AUTO_INCREMENT=54 DEFAULT CHARSET=utf8mb4 COLLATE=utf8mb4_general_ci;
/*!40101 SET character_set_client = @saved_cs_client */;

--
-- Dumping data for table `producto`
--

LOCK TABLES `producto` WRITE;
/*!40000 ALTER TABLE `producto` DISABLE KEYS */;
INSERT INTO `producto` VALUES (1,'Cajas de cartón','Pack de 20 cajas de cartón reforzado',19.99,120,'Embalaje',1),(2,'Botella de agua 1L','Botella de agua mineral',0.80,499,'Bebidas',1),(3,'Paquete de folios A4','500 hojas blancas',4.50,300,'Papelería',1),(4,'Café 1kg','Café molido calidad premium',12.90,90,'Alimentación',1),(5,'Huevos XL','Docena de huevos extra grandes',3.20,200,'Alimentación',1),(6,'Lámpara LED de escritorio','Lámpara ajustable de luz blanca con base estable',12.99,120,'Hogar',1),(7,'Teclado inalámbrico','Teclado Bluetooth compacto y silencioso',24.50,80,'Electrónica',1),(8,'Mouse óptico USB','Ratón ergonómico de alta precisión',9.99,150,'Electrónica',1),(9,'Cuaderno A5 tapa dura','Cuaderno de notas con 200 hojas rayadas',4.20,300,'Oficina',1),(10,'Silla ergonómica','Silla de oficina con soporte lumbar',89.99,30,'Oficina',1),(11,'Juego de tazas cerámicas','Set de 4 tazas resistentes al microondas',14.95,59,'Cocina',1),(12,'Botella térmica 500ml','Botella de acero inoxidable mantiene la temperatura',11.50,199,'Deportes',1),(13,'Cajonera plástica','Cajonera de 4 niveles para organización',19.99,44,'Hogar',1),(14,'Destornillador multipunta','Incluye múltiples puntas intercambiables',8.75,90,'Herramientas',1),(15,'Pila alcalina AAA (pack 10)','Pilas de larga duración',6.80,300,'Electrónica',1),(16,'Cargador USB doble','Cargador rápido de dos puertos',7.40,110,'Electrónica',1),(17,'Auriculares con cable','Auriculares ligeros de alta fidelidad',5.99,117,'Electrónica',1),(18,'Colador metálico','Colador de acero inoxidable',3.50,79,'Cocina',1),(19,'Sartén antiadherente 24cm','Revestimiento cerámico resistente',17.99,55,'Cocina',1),(20,'Toalla de baño','Toalla de algodón 120x70cm',9.50,100,'Hogar',1),(21,'Jabón líquido para manos','Botella de 500ml aroma neutro',2.99,250,'Limpieza',1),(22,'Detergente líquido 1L','Detergente para lavar ropa',4.99,200,'Limpieza',1),(23,'Escoba de cerdas suaves','Escoba resistente con mango de aluminio',6.40,68,'Limpieza',1),(24,'Cinta adhesiva transparente','Rollo de 40m',1.20,350,'Oficina',1),(25,'Archivador A4','Carpeta de archivo con palanca metálica',2.50,175,'Oficina',1),(26,'Router WiFi','Router de doble banda 2.4/5G',39.99,25,'Electrónica',1),(27,'Extensión eléctrica 3m','Extensión con tres tomas',5.80,100,'Hogar',1),(28,'Funda para almohada','Tela suave antialérgica',3.99,140,'Hogar',1),(29,'Plancha de ropa','Plancha eléctrica con vapor',22.99,40,'Hogar',1),(30,'Bote de basura 20L','Basurero con tapa abatible',14.99,53,'Hogar',1),(31,'Cuerda para saltar','Cuerda ajustable para ejercicio',3.50,75,'Deportes',1),(32,'Mancuernas 2kg','Par de mancuernas recubiertas de neopreno',16.99,30,'Deportes',1),(33,'Comedero para perro','Plato plástico antideslizante',4.80,60,'Mascotas',1),(34,'Shampoo para perro 500ml','Aroma neutro hipoalergénico',6.50,50,'Mascotas',1),(35,'Linterna LED','Linterna portátil de alta potencia',9.90,90,'Herramientas',1),(36,'Martillo de carpintero','Mango de madera y cabeza de acero',7.50,70,'Herramientas',1),(37,'Cable HDMI 2m','Cable de alta velocidad 4K',5.99,130,'Electrónica',1),(38,'Memoria USB 32GB','Unidad flash de alto rendimiento',8.20,100,'Electrónica',1),(39,'Almohada viscoelástica','Almohada ergonómica',19.99,26,'Hogar',1),(40,'Sábana matrimonial','Juego de sábanas 100% algodón',24.99,35,'Hogar',1),(41,'Set de cuchillos','Set de 5 cuchillos con base',22.50,50,'Cocina',1),(42,'Tabla para cortar','Tabla de bambú resistente',6.99,90,'Cocina',1),(43,'Ventilador de escritorio','Ventilador compacto con varias velocidades',14.99,60,'Electrónica',1),(44,'Reloj despertador digital','Pantalla LED con alarma doble',12.49,70,'Hogar',1),(45,'Alargador USB-C','Cable USB-C a USB-C de 1m',4.99,115,'Electrónica',1),(46,'Portaminas 0.7mm','Portaminas metálico con agarre cómodo',2.30,200,'Oficina',1),(47,'Pack de bolígrafos','Set de 10 bolígrafos tinta azul',1.99,300,'Oficina',1),(48,'Grapadora metálica','Incluye 1000 grapas',3.99,90,'Oficina',1),(49,'Cepillo para platos','Cerdas firmes para limpieza profunda',2.20,109,'Cocina',1),(50,'Guantes de cocina','Guantes térmicos resistentes al calor',5.60,69,'Cocina',1),(51,'Pegamento universal 50ml','Fuerte adhesión multiuso',1.80,160,'Oficina',1),(52,'Rallador metálico','Rallador de acero inoxidable',4.50,80,'Cocina',1),(53,'Batería recargable 18650','Batería de litio de alta capacidad',7.99,88,'Electrónica',1);
/*!40000 ALTER TABLE `producto` ENABLE KEYS */;
UNLOCK TABLES;

--
-- Table structure for table `rutaentrega`
--

DROP TABLE IF EXISTS `rutaentrega`;
/*!40101 SET @saved_cs_client     = @@character_set_client */;
/*!50503 SET character_set_client = utf8mb4 */;
CREATE TABLE `rutaentrega` (
  `idRuta` int NOT NULL AUTO_INCREMENT,
  `idRepartidor` int DEFAULT NULL,
  `fechaRuta` date DEFAULT NULL,
  `distanciaEstimadaKm` decimal(5,2) DEFAULT NULL,
  `duracionEstimadaMin` int DEFAULT NULL,
  `estado` varchar(50) COLLATE utf8mb4_general_ci DEFAULT NULL,
  PRIMARY KEY (`idRuta`),
  KEY `idRepartidor` (`idRepartidor`),
  CONSTRAINT `rutaentrega_ibfk_1` FOREIGN KEY (`idRepartidor`) REFERENCES `usuario` (`idUsuario`)
) ENGINE=InnoDB AUTO_INCREMENT=17 DEFAULT CHARSET=utf8mb4 COLLATE=utf8mb4_general_ci;
/*!40101 SET character_set_client = @saved_cs_client */;

--
-- Dumping data for table `rutaentrega`
--

LOCK TABLES `rutaentrega` WRITE;
/*!40000 ALTER TABLE `rutaentrega` DISABLE KEYS */;
INSERT INTO `rutaentrega` VALUES (1,3,'2025-01-01',11.79,20,'completada'),(2,4,'2025-01-02',617.19,364,'en curso'),(3,3,'2025-01-03',349.24,204,'completada'),(5,3,'2025-12-05',9.00,60,'pendiente'),(6,3,'2025-12-05',0.34,1,'en_curso'),(7,3,'2025-12-05',13.78,14,'completada'),(8,3,'2025-12-09',0.34,1,'en_curso'),(9,3,'2025-12-09',7.00,45,'completada'),(10,3,'2025-12-09',0.33,1,'pendiente'),(11,3,'2025-12-10',0.34,1,'completada'),(12,3,'2025-12-10',13.77,14,'completada'),(13,3,'2025-12-10',0.51,2,'en_curso'),(14,3,'2025-12-11',0.34,1,'pendiente'),(15,9,'2025-12-20',5.37,9,'pendiente'),(16,9,'2025-12-13',14.87,21,'pendiente');
/*!40000 ALTER TABLE `rutaentrega` ENABLE KEYS */;
UNLOCK TABLES;

--
-- Table structure for table `rutapedido`
--

DROP TABLE IF EXISTS `rutapedido`;
/*!40101 SET @saved_cs_client     = @@character_set_client */;
/*!50503 SET character_set_client = utf8mb4 */;
CREATE TABLE `rutapedido` (
  `idRuta` int NOT NULL,
  `idPedido` int NOT NULL,
  PRIMARY KEY (`idRuta`,`idPedido`),
  KEY `idPedido` (`idPedido`),
  CONSTRAINT `rutapedido_ibfk_1` FOREIGN KEY (`idRuta`) REFERENCES `rutaentrega` (`idRuta`),
  CONSTRAINT `rutapedido_ibfk_2` FOREIGN KEY (`idPedido`) REFERENCES `pedido` (`idPedido`)
) ENGINE=InnoDB DEFAULT CHARSET=utf8mb4 COLLATE=utf8mb4_general_ci;
/*!40101 SET character_set_client = @saved_cs_client */;

--
-- Dumping data for table `rutapedido`
--

LOCK TABLES `rutapedido` WRITE;
/*!40000 ALTER TABLE `rutapedido` DISABLE KEYS */;
INSERT INTO `rutapedido` VALUES (1,1),(5,1),(2,2),(3,3),(5,4),(6,9),(7,10),(8,11),(9,12),(10,13),(11,14),(12,15),(13,16),(14,17),(14,18),(15,19),(16,20);
/*!40000 ALTER TABLE `rutapedido` ENABLE KEYS */;
UNLOCK TABLES;

--
-- Table structure for table `ubicacionrepartidor`
--

DROP TABLE IF EXISTS `ubicacionrepartidor`;
/*!40101 SET @saved_cs_client     = @@character_set_client */;
/*!50503 SET character_set_client = utf8mb4 */;
CREATE TABLE `ubicacionrepartidor` (
  `idUbicacion` int NOT NULL AUTO_INCREMENT,
  `idRepartidor` int DEFAULT NULL,
  `latitud` decimal(10,6) DEFAULT NULL,
  `longitud` decimal(10,6) DEFAULT NULL,
  `fechaHora` datetime DEFAULT NULL,
  PRIMARY KEY (`idUbicacion`),
  KEY `idRepartidor` (`idRepartidor`),
  CONSTRAINT `ubicacionrepartidor_ibfk_1` FOREIGN KEY (`idRepartidor`) REFERENCES `usuario` (`idUsuario`)
) ENGINE=InnoDB AUTO_INCREMENT=1261 DEFAULT CHARSET=utf8mb4 COLLATE=utf8mb4_general_ci;
/*!40101 SET character_set_client = @saved_cs_client */;

--
-- Dumping data for table `ubicacionrepartidor`
--

LOCK TABLES `ubicacionrepartidor` WRITE;
/*!40000 ALTER TABLE `ubicacionrepartidor` DISABLE KEYS */;
INSERT INTO `ubicacionrepartidor` VALUES (1,3,40.416800,-3.703800,'2025-01-01 10:30:00'),(2,3,40.420000,-3.705000,'2025-01-01 10:45:00'),(3,4,40.410000,-3.702000,'2025-01-02 11:30:00'),(4,4,40.409000,-3.700000,'2025-01-02 11:45:00'),(5,3,40.389765,-3.640296,'2025-12-05 20:57:40'),(6,3,40.389750,-3.640340,'2025-12-05 21:09:54'),(7,3,40.390730,-3.642540,'2025-12-05 21:09:59'),(8,3,40.392970,-3.640840,'2025-12-05 21:10:04'),(9,3,40.393960,-3.640340,'2025-12-05 21:10:09'),(10,3,40.394880,-3.641610,'2025-12-05 21:10:14'),(11,3,40.389764,-3.640371,'2025-12-05 21:10:21'),(12,3,40.392280,-3.637340,'2025-12-05 23:26:05'),(13,3,40.391710,-3.637770,'2025-12-05 23:26:10'),(14,3,40.391140,-3.638200,'2025-12-05 23:26:15'),(15,3,40.390570,-3.638630,'2025-12-05 23:26:21'),(16,3,40.390547,-3.638630,'2025-12-05 23:26:26'),(17,3,40.390523,-3.638630,'2025-12-05 23:26:31'),(18,3,40.390500,-3.638630,'2025-12-05 23:26:36'),(19,3,40.390490,-3.638650,'2025-12-05 23:26:41'),(20,3,40.390480,-3.638670,'2025-12-05 23:26:47'),(21,3,40.390470,-3.638690,'2025-12-05 23:26:52'),(22,3,40.390470,-3.638700,'2025-12-05 23:26:57'),(23,3,40.390470,-3.638710,'2025-12-05 23:27:02'),(24,3,40.390470,-3.638720,'2025-12-05 23:27:07'),(25,3,40.390453,-3.638767,'2025-12-05 23:27:12'),(26,3,40.390437,-3.638813,'2025-12-05 23:27:17'),(27,3,40.390420,-3.638860,'2025-12-05 23:27:23'),(28,3,40.390423,-3.638893,'2025-12-05 23:27:28'),(29,3,40.390427,-3.638927,'2025-12-05 23:27:33'),(30,3,40.390430,-3.638960,'2025-12-05 23:27:38'),(31,3,40.390437,-3.639000,'2025-12-05 23:27:43'),(32,3,40.390443,-3.639040,'2025-12-05 23:27:48'),(33,3,40.390450,-3.639080,'2025-12-05 23:27:54'),(34,3,40.390503,-3.639203,'2025-12-05 23:27:59'),(35,3,40.390557,-3.639327,'2025-12-05 23:28:04'),(36,3,40.390610,-3.639450,'2025-12-05 23:28:09'),(37,3,40.390880,-3.639243,'2025-12-05 23:28:14'),(38,3,40.391150,-3.639037,'2025-12-05 23:28:20'),(39,3,40.391420,-3.638830,'2025-12-05 23:28:25'),(40,1,40.391957,-3.639327,'2025-12-05 23:32:47'),(41,1,40.392090,-3.639630,'2025-12-05 23:32:53'),(42,1,40.392280,-3.637340,'2025-12-05 23:32:58'),(43,1,40.391710,-3.637770,'2025-12-05 23:33:03'),(44,1,40.390450,-3.639080,'2025-12-05 23:34:46'),(45,1,40.390503,-3.639203,'2025-12-05 23:34:51'),(46,1,40.390557,-3.639327,'2025-12-05 23:34:56'),(47,1,40.390610,-3.639450,'2025-12-05 23:35:02'),(48,1,40.390880,-3.639243,'2025-12-05 23:35:07'),(49,1,40.391150,-3.639037,'2025-12-05 23:35:12'),(50,1,40.391420,-3.638830,'2025-12-05 23:35:17'),(51,3,40.391540,-3.638743,'2025-12-05 23:35:28'),(52,3,40.391600,-3.638700,'2025-12-05 23:35:33'),(53,3,40.391620,-3.638700,'2025-12-05 23:35:38'),(54,3,40.392840,-3.633660,'2025-12-05 23:35:41'),(55,3,40.392740,-3.633510,'2025-12-05 23:35:43'),(56,3,40.392580,-3.633310,'2025-12-05 23:35:46'),(57,3,40.392340,-3.633090,'2025-12-05 23:35:48'),(58,3,40.391630,-3.632560,'2025-12-05 23:35:51'),(59,3,40.391070,-3.632160,'2025-12-05 23:35:53'),(60,3,40.390690,-3.631930,'2025-12-05 23:35:56'),(61,3,40.390410,-3.631840,'2025-12-05 23:35:58'),(62,3,40.390180,-3.631810,'2025-12-05 23:36:01'),(63,3,40.389930,-3.631830,'2025-12-05 23:36:04'),(64,3,40.389730,-3.631880,'2025-12-05 23:36:07'),(65,3,40.389590,-3.631930,'2025-12-05 23:36:09'),(66,3,40.389410,-3.632010,'2025-12-05 23:36:12'),(67,3,40.389330,-3.632020,'2025-12-05 23:36:14'),(68,3,40.389160,-3.632130,'2025-12-05 23:36:17'),(69,3,40.389010,-3.632170,'2025-12-05 23:36:19'),(70,3,40.388690,-3.632400,'2025-12-05 23:36:22'),(71,3,40.388200,-3.632750,'2025-12-05 23:36:24'),(72,3,40.386820,-3.633710,'2025-12-05 23:36:27'),(73,3,40.385750,-3.634540,'2025-12-05 23:36:29'),(74,3,40.384850,-3.635350,'2025-12-05 23:36:32'),(75,3,40.383070,-3.637000,'2025-12-05 23:36:34'),(76,3,40.382460,-3.637600,'2025-12-05 23:36:37'),(77,3,40.382030,-3.638050,'2025-12-05 23:36:40'),(78,3,40.381380,-3.638870,'2025-12-05 23:36:43'),(79,3,40.380830,-3.639670,'2025-12-05 23:36:45'),(80,3,40.314340,-3.692080,'2025-12-05 23:54:42'),(81,3,40.312600,-3.692010,'2025-12-05 23:54:46'),(82,3,40.312540,-3.692090,'2025-12-05 23:54:47'),(83,3,40.312480,-3.692110,'2025-12-05 23:54:51'),(84,3,40.312410,-3.692130,'2025-12-05 23:54:53'),(85,3,40.312300,-3.692260,'2025-12-05 23:54:56'),(86,3,40.312250,-3.692340,'2025-12-05 23:54:58'),(87,3,40.312220,-3.692450,'2025-12-05 23:55:01'),(88,3,40.312160,-3.692870,'2025-12-05 23:55:03'),(89,3,40.312080,-3.693120,'2025-12-05 23:55:06'),(90,3,40.311840,-3.694830,'2025-12-05 23:55:08'),(91,3,40.311700,-3.695900,'2025-12-05 23:55:11'),(92,3,40.311690,-3.698730,'2025-12-05 23:55:13'),(93,3,40.311690,-3.699490,'2025-12-05 23:55:17'),(94,3,40.311680,-3.701250,'2025-12-05 23:55:18'),(95,3,40.311690,-3.701640,'2025-12-05 23:55:22'),(96,3,40.311720,-3.701640,'2025-12-05 23:55:23'),(97,3,40.311740,-3.701650,'2025-12-05 23:55:27'),(98,3,40.389724,-3.640492,'2025-12-08 21:17:07'),(99,3,40.389770,-3.640330,'2025-12-08 21:18:01'),(100,3,40.389858,-3.640260,'2025-12-08 21:18:06'),(101,3,40.389946,-3.640190,'2025-12-08 21:18:12'),(102,3,40.390034,-3.640120,'2025-12-08 21:18:17'),(103,3,40.390010,-3.640750,'2025-12-08 21:19:07'),(104,3,40.391400,-3.642030,'2025-12-08 21:19:12'),(105,3,40.393540,-3.640370,'2025-12-08 21:19:17'),(106,3,40.393970,-3.640430,'2025-12-08 21:19:22'),(107,3,40.394710,-3.640850,'2025-12-08 21:19:27'),(108,3,40.392910,-3.633200,'2025-12-08 21:19:32'),(109,3,40.391460,-3.626040,'2025-12-08 21:19:37'),(110,3,40.387820,-3.609370,'2025-12-08 21:19:42'),(111,3,40.374720,-3.599340,'2025-12-08 21:19:48'),(112,3,40.368230,-3.586420,'2025-12-08 21:19:53'),(113,3,40.358480,-3.559000,'2025-12-08 21:19:58'),(114,3,40.350900,-3.549210,'2025-12-08 21:20:03'),(115,3,40.341430,-3.538880,'2025-12-08 21:20:08'),(116,3,40.335500,-3.534900,'2025-12-08 21:20:13'),(117,3,40.333880,-3.530340,'2025-12-08 21:20:18'),(118,3,40.325860,-3.519990,'2025-12-08 21:20:24'),(119,3,40.317820,-3.512350,'2025-12-08 21:20:29'),(120,3,40.312050,-3.494570,'2025-12-08 21:20:34'),(121,3,40.299060,-3.481760,'2025-12-08 21:20:39'),(122,3,40.293890,-3.463100,'2025-12-08 21:20:44'),(123,3,40.284570,-3.457180,'2025-12-08 21:20:49'),(124,3,40.275010,-3.451670,'2025-12-08 21:20:54'),(125,3,40.271720,-3.445600,'2025-12-08 21:20:59'),(126,3,40.268700,-3.431600,'2025-12-08 21:21:05'),(127,3,40.266750,-3.420030,'2025-12-08 21:21:10'),(128,3,40.263690,-3.408740,'2025-12-08 21:21:15'),(129,3,40.267710,-3.396030,'2025-12-08 21:21:20'),(130,3,40.260810,-3.383230,'2025-12-08 21:21:26'),(131,3,40.257180,-3.370600,'2025-12-08 21:21:31'),(132,3,40.259730,-3.364780,'2025-12-08 21:21:36'),(133,3,40.259610,-3.357870,'2025-12-08 21:21:41'),(134,3,40.250910,-3.352610,'2025-12-08 21:21:46'),(135,3,40.246210,-3.346780,'2025-12-08 21:21:51'),(136,3,40.241730,-3.346240,'2025-12-08 21:21:57'),(137,3,40.233720,-3.346670,'2025-12-08 21:22:02'),(138,3,40.228820,-3.341330,'2025-12-08 21:22:07'),(139,3,40.225820,-3.335090,'2025-12-08 21:22:12'),(140,3,40.217370,-3.329870,'2025-12-08 21:22:17'),(141,3,40.208240,-3.320000,'2025-12-08 21:22:23'),(142,3,40.206140,-3.314900,'2025-12-08 21:22:28'),(143,3,40.200880,-3.314890,'2025-12-08 21:22:33'),(144,3,40.192640,-3.301280,'2025-12-08 21:22:38'),(145,3,40.181850,-3.297190,'2025-12-08 21:22:43'),(146,3,40.173920,-3.294840,'2025-12-08 21:22:49'),(147,3,40.169350,-3.289520,'2025-12-08 21:22:54'),(148,3,40.163900,-3.275380,'2025-12-08 21:22:59'),(149,3,40.160700,-3.263390,'2025-12-08 21:23:04'),(150,3,40.155810,-3.253620,'2025-12-08 21:23:09'),(151,3,40.148050,-3.225560,'2025-12-08 21:23:15'),(152,3,40.147840,-3.219350,'2025-12-08 21:23:20'),(153,3,40.144520,-3.214400,'2025-12-08 21:23:25'),(154,3,40.141000,-3.205770,'2025-12-08 21:23:30'),(155,3,40.140750,-3.196270,'2025-12-08 21:23:35'),(156,3,40.136220,-3.180370,'2025-12-08 21:23:41'),(157,3,40.129570,-3.168520,'2025-12-08 21:23:46'),(158,3,40.122130,-3.158890,'2025-12-08 21:23:51'),(159,3,40.119480,-3.150880,'2025-12-08 21:23:56'),(160,3,40.115040,-3.148020,'2025-12-08 21:24:01'),(161,3,40.106830,-3.139730,'2025-12-08 21:24:06'),(162,3,40.095470,-3.127910,'2025-12-08 21:24:12'),(163,3,40.072880,-3.092330,'2025-12-08 21:24:17'),(164,3,40.058820,-3.074590,'2025-12-08 21:24:22'),(165,3,40.045330,-3.062090,'2025-12-08 21:24:27'),(166,3,40.038530,-3.049740,'2025-12-08 21:24:32'),(167,3,40.025280,-3.036190,'2025-12-08 21:24:38'),(168,3,40.009450,-3.029370,'2025-12-08 21:24:43'),(169,3,40.003860,-3.026620,'2025-12-08 21:24:48'),(170,3,39.998130,-3.019350,'2025-12-08 21:24:53'),(171,3,39.991750,-2.988540,'2025-12-08 21:24:58'),(172,3,39.993940,-2.972780,'2025-12-08 21:25:04'),(173,3,39.981530,-2.961770,'2025-12-08 21:25:09'),(174,3,39.970400,-2.945490,'2025-12-08 21:25:14'),(175,3,39.962080,-2.929590,'2025-12-08 21:25:19'),(176,3,39.951000,-2.905910,'2025-12-08 21:25:24'),(177,3,39.950840,-2.897400,'2025-12-08 21:25:29'),(178,3,39.947170,-2.887860,'2025-12-08 21:25:34'),(179,3,39.936130,-2.864820,'2025-12-08 21:25:40'),(180,3,39.924060,-2.822910,'2025-12-08 21:25:45'),(181,3,39.917130,-2.811920,'2025-12-08 21:25:50'),(182,3,39.914100,-2.798040,'2025-12-08 21:25:55'),(183,3,39.914690,-2.764810,'2025-12-08 21:26:00'),(184,3,39.911970,-2.736030,'2025-12-08 21:26:05'),(185,3,39.902530,-2.714530,'2025-12-08 21:26:11'),(186,3,39.890170,-2.693970,'2025-12-08 21:26:16'),(187,3,39.887510,-2.684880,'2025-12-08 21:26:21'),(188,3,39.886910,-2.672320,'2025-12-08 21:26:26'),(189,3,39.884610,-2.658740,'2025-12-08 21:26:31'),(190,3,39.881290,-2.651290,'2025-12-08 21:26:36'),(191,3,39.878600,-2.636640,'2025-12-08 21:26:42'),(192,3,39.873160,-2.617650,'2025-12-08 21:26:47'),(193,3,39.870220,-2.587600,'2025-12-08 21:26:52'),(194,3,39.861890,-2.565520,'2025-12-08 21:26:57'),(195,3,39.859470,-2.546310,'2025-12-08 21:27:02'),(196,3,39.859750,-2.530720,'2025-12-08 21:27:08'),(197,3,39.849260,-2.521110,'2025-12-08 21:27:13'),(198,3,39.840480,-2.513940,'2025-12-08 21:27:18'),(199,3,39.833760,-2.505260,'2025-12-08 21:27:23'),(200,3,39.833290,-2.496080,'2025-12-08 21:27:28'),(201,3,39.827480,-2.487010,'2025-12-08 21:27:34'),(202,3,39.818470,-2.471600,'2025-12-08 21:27:39'),(203,3,39.806090,-2.459400,'2025-12-08 21:27:44'),(204,3,39.798900,-2.442880,'2025-12-08 21:27:49'),(205,3,39.789690,-2.428780,'2025-12-08 21:27:54'),(206,3,39.785090,-2.426050,'2025-12-08 21:27:59'),(207,3,39.770550,-2.432770,'2025-12-08 21:28:04'),(208,3,39.757270,-2.429800,'2025-12-08 21:28:10'),(209,3,39.744110,-2.423430,'2025-12-08 21:28:15'),(210,3,39.733840,-2.413850,'2025-12-08 21:28:20'),(211,3,39.728970,-2.407140,'2025-12-08 21:28:25'),(212,3,39.720530,-2.404490,'2025-12-08 21:28:30'),(213,3,39.715060,-2.398080,'2025-12-08 21:28:35'),(214,3,39.700480,-2.387310,'2025-12-08 21:28:40'),(215,3,39.687690,-2.392790,'2025-12-08 21:28:46'),(216,3,39.682010,-2.388250,'2025-12-08 21:28:51'),(217,3,39.679520,-2.381750,'2025-12-08 21:28:56'),(218,3,39.671200,-2.376270,'2025-12-08 21:29:01'),(219,3,39.663280,-2.373290,'2025-12-08 21:29:07'),(220,3,39.657770,-2.367740,'2025-12-08 21:29:12'),(221,3,39.650300,-2.351020,'2025-12-08 21:29:17'),(222,3,39.645830,-2.337810,'2025-12-08 21:29:22'),(223,3,39.634370,-2.324190,'2025-12-08 21:29:27'),(224,3,39.623270,-2.302830,'2025-12-08 21:29:32'),(225,3,39.617080,-2.292140,'2025-12-08 21:29:37'),(226,3,39.612730,-2.290040,'2025-12-08 21:29:43'),(227,3,39.600690,-2.283010,'2025-12-08 21:29:48'),(228,3,39.584720,-2.273720,'2025-12-08 21:29:53'),(229,3,39.568800,-2.274610,'2025-12-08 21:29:58'),(230,3,39.560790,-2.275880,'2025-12-08 21:30:03'),(231,3,39.556290,-2.272470,'2025-12-08 21:30:09'),(232,3,39.546780,-2.259990,'2025-12-08 21:30:14'),(233,3,39.533250,-2.254270,'2025-12-08 21:30:19'),(234,3,39.520590,-2.238060,'2025-12-08 21:30:24'),(235,3,39.516790,-2.221240,'2025-12-08 21:30:29'),(236,3,39.512410,-2.213930,'2025-12-08 21:30:35'),(237,3,39.503260,-2.207220,'2025-12-08 21:30:40'),(238,3,39.493100,-2.191400,'2025-12-08 21:30:45'),(239,3,39.486940,-2.182130,'2025-12-08 21:30:50'),(240,3,39.483730,-2.171090,'2025-12-08 21:30:55'),(241,3,39.485480,-2.158660,'2025-12-08 21:31:01'),(242,3,39.492080,-2.143260,'2025-12-08 21:31:06'),(243,3,39.492550,-2.127100,'2025-12-08 21:31:11'),(244,3,39.486960,-2.115350,'2025-12-08 21:31:16'),(245,3,39.477750,-2.104470,'2025-12-08 21:31:22'),(246,3,39.470540,-2.088340,'2025-12-08 21:31:27'),(247,3,39.471410,-2.074290,'2025-12-08 21:31:32'),(248,3,39.476730,-2.056840,'2025-12-08 21:31:37'),(249,3,39.483570,-2.021890,'2025-12-08 21:31:42'),(250,3,39.489030,-2.005780,'2025-12-08 21:31:47'),(251,3,39.495340,-1.995390,'2025-12-08 21:31:52'),(252,3,39.500080,-1.987060,'2025-12-08 21:31:58'),(253,3,39.506600,-1.982080,'2025-12-08 21:32:03'),(254,3,39.516110,-1.970740,'2025-12-08 21:32:08'),(255,3,39.517480,-1.953130,'2025-12-08 21:32:13'),(256,3,39.517770,-1.942790,'2025-12-08 21:32:18'),(257,3,39.521910,-1.927920,'2025-12-08 21:32:23'),(258,3,39.532080,-1.910870,'2025-12-08 21:32:28'),(259,3,39.534660,-1.890390,'2025-12-08 21:32:34'),(260,3,40.405470,-3.684510,'2025-12-09 09:47:01'),(261,3,40.405910,-3.686130,'2025-12-09 09:47:07'),(262,3,40.406350,-3.687590,'2025-12-09 09:47:12'),(263,3,40.406400,-3.687880,'2025-12-09 09:47:17'),(264,3,40.406460,-3.688070,'2025-12-09 09:47:22'),(265,3,40.406580,-3.688310,'2025-12-09 09:47:27'),(266,3,40.406910,-3.688630,'2025-12-09 09:47:32'),(267,3,40.407100,-3.688780,'2025-12-09 09:47:38'),(268,3,40.407250,-3.689000,'2025-12-09 09:47:43'),(269,3,40.407170,-3.689320,'2025-12-09 09:47:48'),(270,3,40.407050,-3.689490,'2025-12-09 09:47:53'),(271,3,40.406910,-3.689310,'2025-12-09 09:47:58'),(272,3,40.406720,-3.689020,'2025-12-09 09:48:03'),(273,3,40.406560,-3.688670,'2025-12-09 09:48:09'),(274,3,40.406450,-3.688380,'2025-12-09 09:48:14'),(275,3,40.406340,-3.688020,'2025-12-09 09:48:19'),(276,3,40.405520,-3.685030,'2025-12-09 09:48:24'),(277,3,40.405130,-3.683590,'2025-12-09 09:48:29'),(278,3,40.405070,-3.683330,'2025-12-09 09:48:34'),(279,3,40.405000,-3.683070,'2025-12-09 09:48:39'),(280,3,40.405080,-3.683030,'2025-12-09 09:48:45'),(281,3,40.405330,-3.682930,'2025-12-09 09:48:50'),(282,3,40.405370,-3.682970,'2025-12-09 09:48:55'),(283,3,40.405440,-3.683010,'2025-12-09 09:49:00'),(284,3,40.406090,-3.683190,'2025-12-09 09:49:05'),(285,3,40.406770,-3.683390,'2025-12-09 09:49:10'),(286,3,40.406970,-3.682200,'2025-12-09 09:49:16'),(287,3,40.407060,-3.681600,'2025-12-09 09:49:21'),(288,3,40.407270,-3.680330,'2025-12-09 09:49:26'),(289,3,40.407470,-3.679130,'2025-12-09 09:49:31'),(290,3,40.407490,-3.678880,'2025-12-09 09:49:36'),(291,3,40.407500,-3.678640,'2025-12-09 09:49:42'),(292,3,40.407480,-3.678320,'2025-12-09 09:49:47'),(293,3,40.407310,-3.676480,'2025-12-09 09:49:52'),(294,3,40.407050,-3.673640,'2025-12-09 09:49:57'),(295,3,40.406920,-3.672240,'2025-12-09 09:50:02'),(296,3,40.406770,-3.670580,'2025-12-09 09:50:07'),(297,3,40.406560,-3.668090,'2025-12-09 09:50:13'),(298,3,40.406550,-3.667850,'2025-12-09 09:50:18'),(299,3,40.406520,-3.667790,'2025-12-09 09:50:23'),(300,3,40.406450,-3.667160,'2025-12-09 09:50:28'),(301,3,40.406340,-3.665710,'2025-12-09 09:50:33'),(302,3,40.406250,-3.664430,'2025-12-09 09:50:39'),(303,3,40.406250,-3.664210,'2025-12-09 09:50:44'),(304,3,40.406240,-3.664110,'2025-12-09 09:50:49'),(305,3,40.406210,-3.664060,'2025-12-09 09:50:54'),(306,3,40.406190,-3.664010,'2025-12-09 09:50:59'),(307,3,40.406180,-3.663910,'2025-12-09 09:51:04'),(308,3,40.406150,-3.663630,'2025-12-09 09:51:10'),(309,3,40.406050,-3.663130,'2025-12-09 09:51:15'),(310,3,40.405910,-3.662620,'2025-12-09 09:51:20'),(311,3,40.405870,-3.662340,'2025-12-09 09:51:25'),(312,3,40.405840,-3.661740,'2025-12-09 09:51:30'),(313,3,40.405800,-3.661630,'2025-12-09 09:51:35'),(314,3,40.405800,-3.661360,'2025-12-09 09:51:41'),(315,3,40.405790,-3.661220,'2025-12-09 09:51:46'),(316,3,40.405750,-3.660710,'2025-12-09 09:51:51'),(317,3,40.405680,-3.659810,'2025-12-09 09:51:56'),(318,3,40.405570,-3.658570,'2025-12-09 09:52:01'),(319,3,40.405550,-3.658180,'2025-12-09 09:52:07'),(320,3,40.405560,-3.657730,'2025-12-09 09:52:12'),(321,3,40.405550,-3.657430,'2025-12-09 09:52:17'),(322,3,40.405520,-3.657100,'2025-12-09 09:52:22'),(323,3,40.405430,-3.656650,'2025-12-09 09:52:27'),(324,3,40.405260,-3.656050,'2025-12-09 09:52:32'),(325,3,40.405070,-3.655510,'2025-12-09 09:52:38'),(326,3,40.404900,-3.655080,'2025-12-09 09:52:43'),(327,3,40.404760,-3.654790,'2025-12-09 09:52:48'),(328,3,40.404620,-3.654520,'2025-12-09 09:52:53'),(329,3,40.404420,-3.654170,'2025-12-09 09:52:58'),(330,3,40.404120,-3.653750,'2025-12-09 09:53:03'),(331,3,40.403840,-3.653380,'2025-12-09 09:53:09'),(332,3,40.403630,-3.653120,'2025-12-09 09:53:14'),(333,3,40.402720,-3.652120,'2025-12-09 09:53:19'),(334,3,40.401350,-3.650600,'2025-12-09 09:53:24'),(335,3,40.399350,-3.648380,'2025-12-09 09:53:29'),(336,3,40.397350,-3.646170,'2025-12-09 09:53:35'),(337,3,40.396820,-3.645570,'2025-12-09 09:53:40'),(338,3,40.396320,-3.644960,'2025-12-09 09:53:45'),(339,3,40.395990,-3.644480,'2025-12-09 09:53:54'),(340,3,40.395650,-3.643870,'2025-12-09 09:53:59'),(341,3,40.395390,-3.643290,'2025-12-09 09:54:04'),(342,3,40.395250,-3.642930,'2025-12-09 09:54:10'),(343,3,40.395100,-3.642470,'2025-12-09 09:54:15'),(344,3,40.394970,-3.642280,'2025-12-09 09:54:20'),(345,3,40.394900,-3.642260,'2025-12-09 09:54:25'),(346,3,40.394820,-3.642300,'2025-12-09 09:54:30'),(347,3,40.394560,-3.642450,'2025-12-09 09:54:35'),(348,3,40.394470,-3.642520,'2025-12-09 09:54:40'),(349,3,40.394440,-3.642490,'2025-12-09 09:54:46'),(350,3,40.394390,-3.642390,'2025-12-09 09:54:51'),(351,3,40.394350,-3.642270,'2025-12-09 09:54:56'),(352,3,40.394290,-3.641990,'2025-12-09 09:55:01'),(353,3,40.394220,-3.641740,'2025-12-09 09:55:06'),(354,3,40.394050,-3.641320,'2025-12-09 09:55:11'),(355,3,40.477410,-3.651280,'2025-12-09 10:43:52'),(356,3,40.477460,-3.651200,'2025-12-09 10:43:57'),(357,3,40.477950,-3.649520,'2025-12-09 10:44:02'),(358,3,40.478020,-3.649370,'2025-12-09 10:44:07'),(359,3,40.478180,-3.649450,'2025-12-09 10:44:12'),(360,3,40.478620,-3.649680,'2025-12-09 10:44:17'),(361,3,40.477497,-3.651370,'2025-12-09 10:44:31'),(362,3,40.477662,-3.651524,'2025-12-09 10:44:45'),(363,3,40.477708,-3.651570,'2025-12-09 10:44:59'),(364,3,40.477705,-3.651563,'2025-12-09 10:45:34'),(365,3,40.477617,-3.651542,'2025-12-09 10:45:38'),(366,3,40.477363,-3.651484,'2025-12-09 10:46:05'),(367,3,40.477384,-3.651464,'2025-12-09 10:46:36'),(368,3,40.477365,-3.651460,'2025-12-09 10:47:02'),(369,3,40.477319,-3.651503,'2025-12-09 10:47:37'),(370,3,40.477352,-3.651432,'2025-12-09 10:47:56'),(371,3,40.477358,-3.651315,'2025-12-09 10:48:12'),(372,3,40.477200,-3.651076,'2025-12-09 10:48:16'),(373,3,40.477359,-3.651524,'2025-12-09 10:48:30'),(374,3,40.477407,-3.651487,'2025-12-09 10:48:59'),(375,3,40.477377,-3.651435,'2025-12-09 10:49:18'),(376,3,40.477402,-3.651445,'2025-12-09 10:49:53'),(377,3,40.477475,-3.651398,'2025-12-09 10:50:15'),(378,3,40.477487,-3.651218,'2025-12-09 10:50:46'),(379,3,40.477187,-3.651163,'2025-12-09 10:51:11'),(380,3,40.477526,-3.651337,'2025-12-09 10:51:40'),(381,3,40.477391,-3.651496,'2025-12-09 10:52:18'),(382,3,40.477489,-3.651384,'2025-12-09 10:53:02'),(383,3,40.477400,-3.651470,'2025-12-09 10:53:12'),(384,3,40.477517,-3.651326,'2025-12-09 10:53:40'),(385,3,40.477476,-3.651282,'2025-12-09 10:54:18'),(386,3,40.477535,-3.651211,'2025-12-09 10:55:02'),(387,3,40.477482,-3.651318,'2025-12-09 10:55:11'),(388,3,40.477435,-3.651373,'2025-12-09 10:55:40'),(389,3,40.477526,-3.651270,'2025-12-09 10:56:11'),(390,3,40.477417,-3.651457,'2025-12-09 10:56:31'),(391,3,40.477453,-3.651378,'2025-12-09 10:57:01'),(392,3,40.477453,-3.651418,'2025-12-09 10:57:38'),(393,3,40.477541,-3.651126,'2025-12-09 10:58:15'),(394,3,40.477543,-3.651380,'2025-12-09 10:58:52'),(395,3,40.477427,-3.651500,'2025-12-09 10:59:52'),(396,3,40.477457,-3.651165,'2025-12-09 11:00:38'),(397,3,40.477465,-3.651426,'2025-12-09 11:01:22'),(398,3,40.477437,-3.651178,'2025-12-09 11:01:36'),(399,3,40.477426,-3.651386,'2025-12-09 11:02:10'),(400,3,40.477480,-3.651390,'2025-12-09 11:03:05'),(401,3,40.477460,-3.651420,'2025-12-09 11:03:10'),(402,3,40.477480,-3.651213,'2025-12-09 11:04:04'),(403,3,40.477433,-3.651423,'2025-12-09 11:05:02'),(404,3,40.477585,-3.651211,'2025-12-09 11:05:58'),(405,3,40.477405,-3.651314,'2025-12-09 11:06:55'),(406,3,40.477504,-3.651193,'2025-12-09 11:07:32'),(407,3,40.477467,-3.651350,'2025-12-09 11:08:27'),(408,3,40.477550,-3.651231,'2025-12-09 11:09:21'),(409,3,40.477576,-3.651147,'2025-12-09 11:10:16'),(410,3,40.477438,-3.651367,'2025-12-09 11:11:11'),(411,3,40.477560,-3.651184,'2025-12-09 11:11:35'),(412,3,40.477445,-3.651264,'2025-12-09 11:12:30'),(413,3,40.477560,-3.651432,'2025-12-09 11:12:32'),(414,3,40.477542,-3.651444,'2025-12-09 11:13:26'),(415,3,40.477501,-3.651224,'2025-12-09 11:14:22'),(416,3,40.477508,-3.651484,'2025-12-09 11:15:03'),(417,3,40.477470,-3.651420,'2025-12-09 11:15:57'),(418,3,40.477539,-3.651462,'2025-12-09 11:16:52'),(419,3,40.477415,-3.651284,'2025-12-09 11:17:48'),(420,3,40.477524,-3.651358,'2025-12-09 11:18:43'),(421,3,40.477705,-3.651425,'2025-12-09 11:19:20'),(422,3,40.477383,-3.651670,'2025-12-09 11:20:08'),(423,3,40.477498,-3.651573,'2025-12-09 11:20:35'),(424,3,40.477300,-3.652307,'2025-12-09 11:21:08'),(425,3,40.477333,-3.652867,'2025-12-09 11:21:35'),(426,3,40.477176,-3.652371,'2025-12-09 11:21:50'),(427,3,40.477152,-3.652387,'2025-12-09 11:22:04'),(428,3,40.477020,-3.652656,'2025-12-09 11:22:19'),(429,3,40.480070,-3.667230,'2025-12-09 11:41:40'),(430,3,40.480092,-3.667253,'2025-12-09 11:41:41'),(431,3,40.551710,-3.656290,'2025-12-09 13:29:36'),(432,3,40.551730,-3.656630,'2025-12-09 13:29:41'),(433,3,40.551810,-3.656630,'2025-12-09 13:29:46'),(434,3,40.552040,-3.656610,'2025-12-09 13:29:52'),(435,3,40.552310,-3.656560,'2025-12-09 13:29:57'),(436,3,40.552320,-3.656540,'2025-12-09 13:30:02'),(437,3,40.552340,-3.656480,'2025-12-09 13:30:07'),(438,3,40.552380,-3.656450,'2025-12-09 13:30:12'),(439,3,40.552470,-3.656420,'2025-12-09 13:30:17'),(440,3,40.552570,-3.656460,'2025-12-09 13:30:22'),(441,3,40.552630,-3.656570,'2025-12-09 13:30:28'),(442,3,40.552630,-3.656710,'2025-12-09 13:30:33'),(443,3,40.552580,-3.656820,'2025-12-09 13:30:38'),(444,3,40.552480,-3.656870,'2025-12-09 13:30:43'),(445,3,40.552310,-3.656730,'2025-12-09 13:30:53'),(446,3,40.551010,-3.656800,'2025-12-09 13:30:58'),(447,3,40.550720,-3.656830,'2025-12-09 13:31:04'),(448,3,40.550590,-3.656830,'2025-12-09 13:31:09'),(449,3,40.550490,-3.656880,'2025-12-09 13:31:14'),(450,3,40.550460,-3.656940,'2025-12-09 13:31:19'),(451,3,40.550420,-3.656980,'2025-12-09 13:31:24'),(452,3,40.550320,-3.657010,'2025-12-09 13:31:29'),(453,3,40.550270,-3.657000,'2025-12-09 13:31:35'),(454,3,40.550220,-3.656970,'2025-12-09 13:31:40'),(455,3,40.550190,-3.656920,'2025-12-09 13:31:45'),(456,3,40.550180,-3.656890,'2025-12-09 13:31:50'),(457,3,40.550170,-3.656860,'2025-12-09 13:31:55'),(458,3,40.549710,-3.656880,'2025-12-09 13:32:00'),(459,3,40.549570,-3.656890,'2025-12-09 13:32:06'),(460,3,40.548980,-3.656940,'2025-12-09 13:32:11'),(461,3,40.548180,-3.657000,'2025-12-09 13:32:16'),(462,3,40.548020,-3.657010,'2025-12-09 13:32:21'),(463,3,40.547500,-3.657040,'2025-12-09 13:32:26'),(464,3,40.547480,-3.657080,'2025-12-09 13:32:31'),(465,3,40.547460,-3.657120,'2025-12-09 13:32:37'),(466,3,40.547430,-3.657150,'2025-12-09 13:32:42'),(467,3,40.547370,-3.657190,'2025-12-09 13:32:47'),(468,3,40.547300,-3.657190,'2025-12-09 13:32:52'),(469,3,40.547230,-3.657170,'2025-12-09 13:32:57'),(470,3,40.547180,-3.657120,'2025-12-09 13:33:02'),(471,3,40.547140,-3.657060,'2025-12-09 13:33:08'),(472,3,40.546370,-3.657140,'2025-12-09 13:33:13'),(473,3,40.545400,-3.657190,'2025-12-09 13:33:18'),(474,3,40.545220,-3.657210,'2025-12-09 13:33:23'),(475,3,40.545210,-3.657230,'2025-12-09 13:33:28'),(476,3,40.545200,-3.657250,'2025-12-09 13:33:34'),(477,3,40.545190,-3.657280,'2025-12-09 13:33:39'),(478,3,40.545140,-3.657310,'2025-12-09 13:33:44'),(479,3,40.545090,-3.657310,'2025-12-09 13:33:49'),(480,3,40.545040,-3.657290,'2025-12-09 13:33:54'),(481,3,40.545010,-3.657250,'2025-12-09 13:33:59'),(482,3,40.545000,-3.657230,'2025-12-09 13:34:05'),(483,3,40.544900,-3.657220,'2025-12-09 13:34:10'),(484,3,40.543600,-3.657310,'2025-12-09 13:34:15'),(485,3,40.543510,-3.654690,'2025-12-09 13:34:20'),(486,3,40.543470,-3.654150,'2025-12-09 13:34:25'),(487,3,40.543330,-3.653640,'2025-12-09 13:34:31'),(488,3,40.543120,-3.653170,'2025-12-09 13:34:36'),(489,3,40.542760,-3.652500,'2025-12-09 13:34:41'),(490,3,40.542610,-3.652240,'2025-12-09 13:34:46'),(491,3,40.542500,-3.652050,'2025-12-09 13:34:51'),(492,3,40.542380,-3.651930,'2025-12-09 13:34:56'),(493,3,40.542370,-3.651930,'2025-12-09 13:35:02'),(494,3,40.542350,-3.651930,'2025-12-09 13:35:07'),(495,3,40.542330,-3.651930,'2025-12-09 13:35:12'),(496,3,40.542290,-3.651900,'2025-12-09 13:35:17'),(497,3,40.542250,-3.651800,'2025-12-09 13:35:22'),(498,3,40.542250,-3.651740,'2025-12-09 13:35:28'),(499,3,40.542260,-3.651720,'2025-12-09 13:35:33'),(500,3,40.542190,-3.651540,'2025-12-09 13:35:38'),(501,3,40.541980,-3.651190,'2025-12-09 13:35:43'),(502,3,40.541950,-3.651120,'2025-12-09 13:35:48'),(503,3,40.541740,-3.650800,'2025-12-09 13:35:54'),(504,3,40.541340,-3.650200,'2025-12-09 13:35:59'),(505,3,40.540930,-3.649640,'2025-12-09 13:36:04'),(506,3,40.540690,-3.650050,'2025-12-09 13:36:09'),(507,3,40.540610,-3.650140,'2025-12-09 13:36:14'),(508,3,40.540450,-3.650230,'2025-12-09 13:36:19'),(509,3,40.540380,-3.650280,'2025-12-09 13:36:25'),(510,3,40.540350,-3.650380,'2025-12-09 13:36:30'),(511,3,40.540250,-3.650520,'2025-12-09 13:36:35'),(512,3,40.540130,-3.650590,'2025-12-09 13:36:40'),(513,3,40.540070,-3.650590,'2025-12-09 13:36:45'),(514,3,40.540050,-3.650580,'2025-12-09 13:36:51'),(515,3,40.540020,-3.650570,'2025-12-09 13:36:56'),(516,3,40.539910,-3.650420,'2025-12-09 13:37:01'),(517,3,40.539860,-3.650230,'2025-12-09 13:37:06'),(518,3,40.539890,-3.650020,'2025-12-09 13:37:11'),(519,3,40.539910,-3.649980,'2025-12-09 13:37:16'),(520,3,40.539870,-3.649870,'2025-12-09 13:37:21'),(521,3,40.539770,-3.649640,'2025-12-09 13:37:27'),(522,3,40.539680,-3.649430,'2025-12-09 13:37:32'),(523,3,40.539490,-3.648650,'2025-12-09 13:37:37'),(524,3,40.539270,-3.647820,'2025-12-09 13:37:42'),(525,3,40.538380,-3.644480,'2025-12-09 13:37:47'),(526,3,40.538110,-3.643660,'2025-12-09 13:37:52'),(527,3,40.537890,-3.643090,'2025-12-09 13:37:58'),(528,3,40.537570,-3.642440,'2025-12-09 13:38:03'),(529,3,40.537420,-3.642230,'2025-12-09 13:38:08'),(530,3,40.537290,-3.642100,'2025-12-09 13:38:13'),(531,3,40.537110,-3.641990,'2025-12-09 13:38:18'),(532,3,40.536360,-3.641760,'2025-12-09 13:38:23'),(533,3,40.535750,-3.641590,'2025-12-09 13:38:29'),(534,3,40.535540,-3.641550,'2025-12-09 13:38:34'),(535,3,40.535440,-3.641560,'2025-12-09 13:38:39'),(536,3,40.535410,-3.641570,'2025-12-09 13:38:44'),(537,3,40.535360,-3.641590,'2025-12-09 13:38:49'),(538,3,40.535260,-3.641610,'2025-12-09 13:38:54'),(539,3,40.535170,-3.641590,'2025-12-09 13:39:00'),(540,3,40.535120,-3.641560,'2025-12-09 13:39:05'),(541,3,40.535040,-3.641470,'2025-12-09 13:39:10'),(542,3,40.534990,-3.641330,'2025-12-09 13:39:15'),(543,3,40.534870,-3.641170,'2025-12-09 13:39:20'),(544,3,40.534760,-3.641070,'2025-12-09 13:39:25'),(545,3,40.534650,-3.641020,'2025-12-09 13:39:31'),(546,3,40.534510,-3.640950,'2025-12-09 13:39:36'),(547,3,40.534400,-3.640810,'2025-12-09 13:39:41'),(548,3,40.534380,-3.640740,'2025-12-09 13:39:46'),(549,3,40.534290,-3.640590,'2025-12-09 13:39:51'),(550,3,40.534160,-3.640520,'2025-12-09 13:39:56'),(551,3,40.534060,-3.640500,'2025-12-09 13:40:02'),(552,3,40.533790,-3.640410,'2025-12-09 13:40:07'),(553,3,40.533700,-3.640370,'2025-12-09 13:40:12'),(554,3,40.533590,-3.640360,'2025-12-09 13:40:17'),(555,3,40.533420,-3.640330,'2025-12-09 13:40:22'),(556,3,40.533290,-3.640340,'2025-12-09 13:40:27'),(557,3,40.533150,-3.640390,'2025-12-09 13:40:33'),(558,3,40.533000,-3.640480,'2025-12-09 13:40:38'),(559,3,40.532870,-3.640600,'2025-12-09 13:40:43'),(560,3,40.532710,-3.640800,'2025-12-09 13:40:48'),(561,3,40.532640,-3.640860,'2025-12-09 13:40:53'),(562,3,40.532560,-3.641060,'2025-12-09 13:40:58'),(563,3,40.532210,-3.641820,'2025-12-09 13:41:04'),(564,3,40.531800,-3.642580,'2025-12-09 13:41:09'),(565,3,40.531700,-3.642760,'2025-12-09 13:41:14'),(566,3,40.531230,-3.643490,'2025-12-09 13:41:20'),(567,3,40.530930,-3.643970,'2025-12-09 13:41:25'),(568,3,40.530810,-3.644020,'2025-12-09 13:41:30'),(569,3,40.530530,-3.644480,'2025-12-09 13:41:35'),(570,3,40.530080,-3.645140,'2025-12-09 13:41:40'),(571,3,40.529530,-3.645850,'2025-12-09 13:41:45'),(572,3,40.529060,-3.646390,'2025-12-09 13:41:50'),(573,3,40.528590,-3.646890,'2025-12-09 13:41:56'),(574,3,40.527960,-3.647490,'2025-12-09 13:42:01'),(575,3,40.527500,-3.647840,'2025-12-09 13:42:06'),(576,3,40.527230,-3.648010,'2025-12-09 13:42:11'),(577,3,40.526710,-3.648300,'2025-12-09 13:42:16'),(578,3,40.525810,-3.648780,'2025-12-09 13:42:22'),(579,3,40.525330,-3.649030,'2025-12-09 13:42:27'),(580,3,40.525070,-3.649190,'2025-12-09 13:42:32'),(581,3,40.524770,-3.649380,'2025-12-09 13:42:37'),(582,3,40.524500,-3.649590,'2025-12-09 13:42:42'),(583,3,40.523480,-3.650450,'2025-12-09 13:42:48'),(584,3,40.522640,-3.651040,'2025-12-09 13:42:53'),(585,3,40.521850,-3.651560,'2025-12-09 13:42:58'),(586,3,40.521240,-3.651970,'2025-12-09 13:43:03'),(587,3,40.520990,-3.652120,'2025-12-09 13:43:09'),(588,3,40.520580,-3.652310,'2025-12-09 13:43:14'),(589,3,40.520190,-3.652450,'2025-12-09 13:43:19'),(590,3,40.519720,-3.652560,'2025-12-09 13:43:24'),(591,3,40.519020,-3.652720,'2025-12-09 13:43:29'),(592,3,40.517700,-3.653010,'2025-12-09 13:43:35'),(593,3,40.517320,-3.653110,'2025-12-09 13:43:40'),(594,3,40.516860,-3.653280,'2025-12-09 13:43:45'),(595,3,40.516520,-3.653430,'2025-12-09 13:43:50'),(596,3,40.516190,-3.653610,'2025-12-09 13:43:55'),(597,3,40.515820,-3.653850,'2025-12-09 13:44:00'),(598,3,40.515510,-3.654070,'2025-12-09 13:44:06'),(599,3,40.514950,-3.654590,'2025-12-09 13:44:11'),(600,3,40.513300,-3.656340,'2025-12-09 13:44:16'),(601,3,40.512870,-3.656780,'2025-12-09 13:44:21'),(602,3,40.512090,-3.657480,'2025-12-09 13:44:26'),(603,3,40.511680,-3.657730,'2025-12-09 13:44:32'),(604,3,40.511400,-3.657880,'2025-12-09 13:44:37'),(605,3,40.511090,-3.658010,'2025-12-09 13:44:42'),(606,3,40.510780,-3.658130,'2025-12-09 13:44:47'),(607,3,40.510360,-3.658250,'2025-12-09 13:44:52'),(608,3,40.509860,-3.658340,'2025-12-09 13:44:57'),(609,3,40.509460,-3.658370,'2025-12-09 13:45:03'),(610,3,40.508920,-3.658390,'2025-12-09 13:45:08'),(611,3,40.508420,-3.658380,'2025-12-09 13:45:13'),(612,3,40.506160,-3.658230,'2025-12-09 13:45:18'),(613,3,40.505760,-3.658220,'2025-12-09 13:45:23'),(614,3,40.505240,-3.658280,'2025-12-09 13:45:29'),(615,3,40.505020,-3.658320,'2025-12-09 13:45:34'),(616,3,40.504800,-3.658370,'2025-12-09 13:45:39'),(617,3,40.504520,-3.658470,'2025-12-09 13:45:44'),(618,3,40.504140,-3.658610,'2025-12-09 13:45:49'),(619,3,40.503990,-3.658680,'2025-12-09 13:45:55'),(620,3,40.503640,-3.658870,'2025-12-09 13:46:00'),(621,3,40.503150,-3.659170,'2025-12-09 13:46:05'),(622,3,40.502900,-3.659360,'2025-12-09 13:46:10'),(623,3,40.502390,-3.659760,'2025-12-09 13:46:15'),(624,3,40.500750,-3.661130,'2025-12-09 13:46:20'),(625,3,40.500040,-3.661760,'2025-12-09 13:46:26'),(626,3,40.499460,-3.662300,'2025-12-09 13:46:31'),(627,3,40.499120,-3.662650,'2025-12-09 13:46:36'),(628,3,40.498090,-3.663850,'2025-12-09 13:46:41'),(629,3,40.496570,-3.665710,'2025-12-09 13:46:46'),(630,3,40.495150,-3.667480,'2025-12-09 13:46:52'),(631,3,40.493530,-3.669520,'2025-12-09 13:46:57'),(632,3,40.492670,-3.670570,'2025-12-09 13:47:02'),(633,3,40.492390,-3.670900,'2025-12-09 13:47:07'),(634,3,40.491940,-3.671350,'2025-12-09 13:47:12'),(635,3,40.491520,-3.671710,'2025-12-09 13:47:17'),(636,3,40.491320,-3.671850,'2025-12-09 13:47:23'),(637,3,40.490920,-3.672110,'2025-12-09 13:47:28'),(638,3,40.490590,-3.672290,'2025-12-09 13:47:33'),(639,3,40.489900,-3.672620,'2025-12-09 13:47:38'),(640,3,40.489740,-3.672700,'2025-12-09 13:47:43'),(641,3,40.489580,-3.672760,'2025-12-09 13:47:48'),(642,3,40.489270,-3.672860,'2025-12-09 13:47:54'),(643,3,40.488700,-3.673010,'2025-12-09 13:47:59'),(644,3,40.488040,-3.673150,'2025-12-09 13:48:04'),(645,3,40.487150,-3.673280,'2025-12-09 13:48:09'),(646,3,40.484590,-3.673510,'2025-12-09 13:48:14'),(647,3,40.484000,-3.673580,'2025-12-09 13:48:19'),(648,3,40.483120,-3.673650,'2025-12-09 13:48:24'),(649,3,40.482360,-3.673750,'2025-12-09 13:48:30'),(650,3,40.481070,-3.673990,'2025-12-09 13:48:35'),(651,3,40.480400,-3.674150,'2025-12-09 13:48:40'),(652,3,40.479760,-3.674270,'2025-12-09 13:48:45'),(653,3,40.479270,-3.674370,'2025-12-09 13:48:50'),(654,3,40.477930,-3.674560,'2025-12-09 13:48:55'),(655,3,40.477670,-3.674570,'2025-12-09 13:49:01'),(656,3,40.477490,-3.674520,'2025-12-09 13:49:06'),(657,3,40.476570,-3.674460,'2025-12-09 13:49:11'),(658,3,40.475960,-3.674380,'2025-12-09 13:49:16'),(659,3,40.475740,-3.674340,'2025-12-09 13:49:21'),(660,3,40.475260,-3.674230,'2025-12-09 13:49:26'),(661,3,40.474810,-3.674100,'2025-12-09 13:49:32'),(662,3,40.474070,-3.673820,'2025-12-09 13:49:37'),(663,3,40.473540,-3.673580,'2025-12-09 13:49:42'),(664,3,40.472560,-3.673040,'2025-12-09 13:49:47'),(665,3,40.471600,-3.672320,'2025-12-09 13:49:52'),(666,3,40.470930,-3.671790,'2025-12-09 13:49:57'),(667,3,40.470330,-3.671270,'2025-12-09 13:50:02'),(668,3,40.469620,-3.670670,'2025-12-09 13:50:08'),(669,3,40.469140,-3.670280,'2025-12-09 13:50:13'),(670,3,40.468180,-3.669530,'2025-12-09 13:50:18'),(671,3,40.467440,-3.669040,'2025-12-09 13:50:23'),(672,3,40.467030,-3.668770,'2025-12-09 13:50:28'),(673,3,40.465430,-3.667830,'2025-12-09 13:50:33'),(674,3,40.464360,-3.667260,'2025-12-09 13:50:39'),(675,3,40.461620,-3.665880,'2025-12-09 13:50:44'),(676,3,40.459410,-3.664780,'2025-12-09 13:50:49'),(677,3,40.458440,-3.664360,'2025-12-09 13:50:54'),(678,3,40.457640,-3.664080,'2025-12-09 13:50:59'),(679,3,40.456390,-3.663720,'2025-12-09 13:51:04'),(680,3,40.455540,-3.663560,'2025-12-09 13:51:10'),(681,3,40.454260,-3.663390,'2025-12-09 13:51:15'),(682,3,40.452880,-3.663220,'2025-12-09 13:51:20'),(683,3,40.451270,-3.662970,'2025-12-09 13:51:25'),(684,3,40.450740,-3.662880,'2025-12-09 13:51:30'),(685,3,40.449820,-3.662680,'2025-12-09 13:51:35'),(686,3,40.449150,-3.662510,'2025-12-09 13:51:41'),(687,3,40.448520,-3.662340,'2025-12-09 13:51:46'),(688,3,40.447770,-3.662110,'2025-12-09 13:51:51'),(689,3,40.447120,-3.661880,'2025-12-09 13:51:56'),(690,3,40.446160,-3.661510,'2025-12-09 13:52:01'),(691,3,40.445740,-3.661340,'2025-12-09 13:52:06'),(692,3,40.445300,-3.661110,'2025-12-09 13:52:11'),(693,3,40.444370,-3.660560,'2025-12-09 13:52:17'),(694,3,40.443720,-3.660210,'2025-12-09 13:52:22'),(695,3,40.443260,-3.659990,'2025-12-09 13:52:27'),(696,3,40.442810,-3.659790,'2025-12-09 13:52:32'),(697,3,40.442280,-3.659590,'2025-12-09 13:52:37'),(698,3,40.441830,-3.659460,'2025-12-09 13:52:42'),(699,3,40.441280,-3.659340,'2025-12-09 13:52:48'),(700,3,40.440520,-3.659240,'2025-12-09 13:52:53'),(701,3,40.440310,-3.659230,'2025-12-09 13:52:58'),(702,3,40.439720,-3.659240,'2025-12-09 13:53:03'),(703,3,40.438890,-3.659310,'2025-12-09 13:53:08'),(704,3,40.438490,-3.659370,'2025-12-09 13:53:13'),(705,3,40.437550,-3.659560,'2025-12-09 13:53:19'),(706,3,40.435950,-3.659910,'2025-12-09 13:53:24'),(707,3,40.435370,-3.660020,'2025-12-09 13:53:29'),(708,3,40.433870,-3.660330,'2025-12-09 13:53:34'),(709,3,40.432910,-3.660550,'2025-12-09 13:53:39'),(710,3,40.432720,-3.660600,'2025-12-09 13:53:44'),(711,3,40.432380,-3.660680,'2025-12-09 13:53:50'),(712,3,40.431870,-3.660760,'2025-12-09 13:53:55'),(713,3,40.431500,-3.660800,'2025-12-09 13:54:00'),(714,3,40.430890,-3.660780,'2025-12-09 13:54:05'),(715,3,40.429920,-3.660660,'2025-12-09 13:54:10'),(716,3,40.429420,-3.660600,'2025-12-09 13:54:15'),(717,3,40.428980,-3.660530,'2025-12-09 13:54:21'),(718,3,40.428910,-3.660600,'2025-12-09 13:54:26'),(719,3,40.428900,-3.660610,'2025-12-09 13:54:31'),(720,3,40.428400,-3.660560,'2025-12-09 13:54:36'),(721,3,40.428380,-3.660570,'2025-12-09 13:54:41'),(722,3,40.428310,-3.660620,'2025-12-09 13:54:46'),(723,3,40.427730,-3.660570,'2025-12-09 13:54:51'),(724,3,40.427200,-3.660520,'2025-12-09 13:54:57'),(725,3,40.426620,-3.660420,'2025-12-09 13:55:02'),(726,3,40.425800,-3.660230,'2025-12-09 13:55:07'),(727,3,40.424710,-3.659930,'2025-12-09 13:55:12'),(728,3,40.424330,-3.659850,'2025-12-09 13:55:17'),(729,3,40.422770,-3.659590,'2025-12-09 13:55:22'),(730,3,40.422200,-3.659490,'2025-12-09 13:55:28'),(731,3,40.420260,-3.659180,'2025-12-09 13:55:33'),(732,3,40.419520,-3.659080,'2025-12-09 13:55:38'),(733,3,40.419300,-3.659070,'2025-12-09 13:55:43'),(734,3,40.418750,-3.659060,'2025-12-09 13:55:48'),(735,3,40.418280,-3.659100,'2025-12-09 13:55:53'),(736,3,40.417920,-3.659170,'2025-12-09 13:55:59'),(737,3,40.417460,-3.659310,'2025-12-09 13:56:04'),(738,3,40.416870,-3.659550,'2025-12-09 13:56:09'),(739,3,40.416420,-3.659790,'2025-12-09 13:56:14'),(740,3,40.415450,-3.660410,'2025-12-09 13:56:19'),(741,3,40.414770,-3.660850,'2025-12-09 13:56:24'),(742,3,40.414160,-3.661260,'2025-12-09 13:56:30'),(743,3,40.412670,-3.662200,'2025-12-09 13:56:35'),(744,3,40.411980,-3.662620,'2025-12-09 13:56:40'),(745,3,40.411650,-3.662790,'2025-12-09 13:56:45'),(746,3,40.411230,-3.663030,'2025-12-09 13:56:50'),(747,3,40.410520,-3.663430,'2025-12-09 13:56:55'),(748,3,40.409910,-3.663750,'2025-12-09 13:57:01'),(749,3,40.408850,-3.664290,'2025-12-09 13:57:06'),(750,3,40.408650,-3.664370,'2025-12-09 13:57:11'),(751,3,40.408320,-3.664450,'2025-12-09 13:57:16'),(752,3,40.407960,-3.664460,'2025-12-09 13:57:21'),(753,3,40.407670,-3.664420,'2025-12-09 13:57:26'),(754,3,40.407230,-3.664240,'2025-12-09 13:57:32'),(755,3,40.406880,-3.664000,'2025-12-09 13:57:37'),(756,3,40.406610,-3.663690,'2025-12-09 13:57:42'),(757,3,40.406500,-3.663540,'2025-12-09 13:57:47'),(758,3,40.406250,-3.663140,'2025-12-09 13:57:52'),(759,3,40.406180,-3.663000,'2025-12-09 13:57:57'),(760,3,40.406080,-3.662760,'2025-12-09 13:58:03'),(761,3,40.405980,-3.662290,'2025-12-09 13:58:08'),(762,3,40.405860,-3.660630,'2025-12-09 13:58:13'),(763,3,40.405790,-3.659320,'2025-12-09 13:58:18'),(764,3,40.405760,-3.658670,'2025-12-09 13:58:23'),(765,3,40.405730,-3.658510,'2025-12-09 13:58:28'),(766,3,40.405720,-3.658330,'2025-12-09 13:58:34'),(767,3,40.405710,-3.658190,'2025-12-09 13:58:39'),(768,3,40.405700,-3.657880,'2025-12-09 13:58:44'),(769,3,40.405660,-3.657540,'2025-12-09 13:58:49'),(770,3,40.405560,-3.656960,'2025-12-09 13:58:54'),(771,3,40.405510,-3.656780,'2025-12-09 13:58:59'),(772,3,40.405430,-3.656650,'2025-12-09 13:59:05'),(773,3,40.405310,-3.656220,'2025-12-09 13:59:10'),(774,3,40.405140,-3.655710,'2025-12-09 13:59:15'),(775,3,40.405020,-3.655380,'2025-12-09 13:59:20'),(776,3,40.404890,-3.655070,'2025-12-09 13:59:25'),(777,3,40.404620,-3.654520,'2025-12-09 13:59:31'),(778,3,40.404420,-3.654170,'2025-12-09 13:59:36'),(779,3,40.404120,-3.653750,'2025-12-09 13:59:41'),(780,3,40.403650,-3.653150,'2025-12-09 13:59:46'),(781,3,40.402850,-3.652270,'2025-12-09 13:59:51'),(782,3,40.401400,-3.650660,'2025-12-09 13:59:57'),(783,3,40.399640,-3.648710,'2025-12-09 14:00:02'),(784,3,40.397500,-3.646330,'2025-12-09 14:00:07'),(785,3,40.396950,-3.645730,'2025-12-09 14:00:12'),(786,3,40.396590,-3.645300,'2025-12-09 14:00:17'),(787,3,40.396140,-3.644700,'2025-12-09 14:00:22'),(788,3,40.395870,-3.644280,'2025-12-09 14:00:28'),(789,3,40.395490,-3.643540,'2025-12-09 14:00:33'),(790,3,40.395250,-3.642930,'2025-12-09 14:00:38'),(791,3,40.395100,-3.642470,'2025-12-09 14:00:43'),(792,3,40.395000,-3.642330,'2025-12-09 14:00:48'),(793,3,40.394930,-3.642260,'2025-12-09 14:00:53'),(794,3,40.394870,-3.642270,'2025-12-09 14:00:59'),(795,3,40.394600,-3.642430,'2025-12-09 14:01:04'),(796,3,40.394560,-3.642450,'2025-12-09 14:01:09'),(797,3,40.394470,-3.642520,'2025-12-09 14:01:14'),(798,3,40.394440,-3.642490,'2025-12-09 14:01:19'),(799,3,40.394390,-3.642390,'2025-12-09 14:01:24'),(800,3,40.394360,-3.642310,'2025-12-09 14:01:30'),(801,3,40.394330,-3.642130,'2025-12-09 14:01:35'),(802,3,40.394260,-3.641860,'2025-12-09 14:01:40'),(803,3,40.394130,-3.641520,'2025-12-09 14:01:45'),(804,3,40.394050,-3.641320,'2025-12-09 14:01:50'),(805,3,40.393740,-3.640700,'2025-12-09 14:01:56'),(806,3,40.393680,-3.640680,'2025-12-09 14:02:01'),(807,3,40.393570,-3.640560,'2025-12-09 14:02:06'),(808,3,40.393540,-3.640470,'2025-12-09 14:02:11'),(809,3,40.393540,-3.640370,'2025-12-09 14:02:16'),(810,3,40.393570,-3.640290,'2025-12-09 14:02:22'),(811,3,40.393580,-3.640260,'2025-12-09 14:02:27'),(812,3,40.393560,-3.640050,'2025-12-09 14:02:32'),(813,3,40.393280,-3.638700,'2025-12-09 14:02:37'),(814,3,40.393220,-3.638440,'2025-12-09 14:02:42'),(815,3,40.392880,-3.638680,'2025-12-09 14:02:47'),(816,3,40.391990,-3.639390,'2025-12-09 14:02:53'),(817,3,40.392090,-3.639630,'2025-12-09 14:02:58'),(818,3,40.551710,-3.656290,'2025-12-09 14:03:03'),(819,3,40.551730,-3.656630,'2025-12-09 14:03:08'),(820,3,40.551810,-3.656630,'2025-12-09 14:03:13'),(821,3,40.552040,-3.656610,'2025-12-09 14:03:18'),(822,3,40.552310,-3.656560,'2025-12-09 14:03:24'),(823,3,40.552320,-3.656540,'2025-12-09 14:03:29'),(824,3,40.552340,-3.656480,'2025-12-09 14:03:34'),(825,3,40.552380,-3.656450,'2025-12-09 14:03:39'),(826,3,40.552470,-3.656420,'2025-12-09 14:03:44'),(827,3,40.552570,-3.656460,'2025-12-09 14:03:50'),(828,3,40.552630,-3.656570,'2025-12-09 14:03:55'),(829,3,40.552630,-3.656710,'2025-12-09 14:04:00'),(830,3,40.552580,-3.656820,'2025-12-09 14:04:05'),(831,3,40.552480,-3.656870,'2025-12-09 14:04:10'),(832,3,40.552380,-3.656840,'2025-12-09 14:04:15'),(833,3,40.552310,-3.656730,'2025-12-09 14:04:21'),(834,3,40.551010,-3.656800,'2025-12-09 14:04:26'),(835,3,40.550720,-3.656830,'2025-12-09 14:04:31'),(836,3,40.550590,-3.656830,'2025-12-09 14:04:36'),(837,3,40.550490,-3.656880,'2025-12-09 14:04:41'),(838,3,40.550460,-3.656940,'2025-12-09 14:04:47'),(839,3,40.550420,-3.656980,'2025-12-09 14:04:52'),(840,3,40.550320,-3.657010,'2025-12-09 14:04:57'),(841,3,40.550270,-3.657000,'2025-12-09 14:05:02'),(842,3,40.550220,-3.656970,'2025-12-09 14:05:07'),(843,3,40.550190,-3.656920,'2025-12-09 14:05:13'),(844,3,40.550180,-3.656890,'2025-12-09 14:05:18'),(845,3,40.550170,-3.656860,'2025-12-09 14:05:23'),(846,3,40.549710,-3.656880,'2025-12-09 14:05:28'),(847,3,40.549570,-3.656890,'2025-12-09 14:05:33'),(848,3,40.548980,-3.656940,'2025-12-09 14:05:39'),(849,3,40.548180,-3.657000,'2025-12-09 14:05:44'),(850,3,40.548020,-3.657010,'2025-12-09 14:05:49'),(851,3,40.547500,-3.657040,'2025-12-09 14:05:54'),(852,3,40.547480,-3.657080,'2025-12-09 14:06:00'),(853,3,40.547460,-3.657120,'2025-12-09 14:06:05'),(854,3,40.547430,-3.657150,'2025-12-09 14:06:10'),(855,3,40.547370,-3.657190,'2025-12-09 14:06:15'),(856,3,40.547300,-3.657190,'2025-12-09 14:06:20'),(857,3,40.547230,-3.657170,'2025-12-09 14:06:26'),(858,3,40.547180,-3.657120,'2025-12-09 14:06:31'),(859,3,40.547140,-3.657060,'2025-12-09 14:06:36'),(860,3,40.546370,-3.657140,'2025-12-09 14:06:41'),(861,3,40.545400,-3.657190,'2025-12-09 14:06:46'),(862,3,40.545220,-3.657210,'2025-12-09 14:06:51'),(863,3,40.545210,-3.657230,'2025-12-09 14:06:57'),(864,3,40.545200,-3.657250,'2025-12-09 14:07:02'),(865,3,40.545190,-3.657280,'2025-12-09 14:07:07'),(866,3,40.545140,-3.657310,'2025-12-09 14:07:12'),(867,3,40.545090,-3.657310,'2025-12-09 14:07:17'),(868,3,40.545040,-3.657290,'2025-12-09 14:07:23'),(869,3,40.545010,-3.657250,'2025-12-09 14:07:28'),(870,3,40.545000,-3.657230,'2025-12-09 14:07:33'),(871,3,40.544900,-3.657220,'2025-12-09 14:07:38'),(872,3,40.543600,-3.657310,'2025-12-09 14:07:43'),(873,3,40.543510,-3.654690,'2025-12-09 14:07:48'),(874,3,40.543470,-3.654150,'2025-12-09 14:07:54'),(875,3,40.543330,-3.653640,'2025-12-09 14:07:59'),(876,3,40.543120,-3.653170,'2025-12-09 14:08:04'),(877,3,40.542760,-3.652500,'2025-12-09 14:08:09'),(878,3,40.542610,-3.652240,'2025-12-09 14:08:14'),(879,3,40.542500,-3.652050,'2025-12-09 14:08:20'),(880,3,40.542380,-3.651930,'2025-12-09 14:08:25'),(881,3,40.542370,-3.651930,'2025-12-09 14:08:30'),(882,3,40.542350,-3.651930,'2025-12-09 14:08:35'),(883,3,40.542330,-3.651930,'2025-12-09 14:08:41'),(884,3,40.542290,-3.651900,'2025-12-09 14:08:46'),(885,3,40.542250,-3.651800,'2025-12-09 14:08:51'),(886,3,40.542250,-3.651740,'2025-12-09 14:08:56'),(887,3,40.542260,-3.651720,'2025-12-09 14:09:02'),(888,3,40.542190,-3.651540,'2025-12-09 14:09:07'),(889,3,40.541980,-3.651190,'2025-12-09 14:09:12'),(890,3,40.541950,-3.651120,'2025-12-09 14:09:17'),(891,3,40.541740,-3.650800,'2025-12-09 14:09:22'),(892,3,40.541340,-3.650200,'2025-12-09 14:09:28'),(893,3,40.540930,-3.649640,'2025-12-09 14:09:33'),(894,3,40.540690,-3.650050,'2025-12-09 14:09:38'),(895,3,40.540610,-3.650140,'2025-12-09 14:09:43'),(896,3,40.540450,-3.650230,'2025-12-09 14:09:48'),(897,3,40.540380,-3.650280,'2025-12-09 14:09:53'),(898,3,40.540350,-3.650380,'2025-12-09 14:09:59'),(899,3,40.540250,-3.650520,'2025-12-09 14:10:04'),(900,3,40.540130,-3.650590,'2025-12-09 14:10:09'),(901,3,40.540070,-3.650590,'2025-12-09 14:10:14'),(902,3,40.540050,-3.650580,'2025-12-09 14:10:19'),(903,3,40.540020,-3.650570,'2025-12-09 14:10:25'),(904,3,40.539910,-3.650420,'2025-12-09 14:10:30'),(905,3,40.539860,-3.650230,'2025-12-09 14:10:35'),(906,3,40.539890,-3.650020,'2025-12-09 14:10:40'),(907,3,40.539910,-3.649980,'2025-12-09 14:10:45'),(908,3,40.539870,-3.649870,'2025-12-09 14:10:51'),(909,3,40.539770,-3.649640,'2025-12-09 14:10:56'),(910,3,40.539680,-3.649430,'2025-12-09 14:11:01'),(911,3,40.539490,-3.648650,'2025-12-09 14:11:06'),(912,3,40.539270,-3.647820,'2025-12-09 14:11:12'),(913,3,40.538380,-3.644480,'2025-12-09 14:11:17'),(914,3,40.538110,-3.643660,'2025-12-09 14:11:22'),(915,3,40.537890,-3.643090,'2025-12-09 14:11:27'),(916,3,40.537570,-3.642440,'2025-12-09 14:11:33'),(917,3,40.537420,-3.642230,'2025-12-09 14:11:38'),(918,3,40.537290,-3.642100,'2025-12-09 14:11:43'),(919,3,40.537110,-3.641990,'2025-12-09 14:11:48'),(920,3,40.536360,-3.641760,'2025-12-09 14:11:54'),(921,3,40.535750,-3.641590,'2025-12-09 14:11:59'),(922,3,40.535540,-3.641550,'2025-12-09 14:12:04'),(923,3,40.535440,-3.641560,'2025-12-09 14:12:09'),(924,3,40.535410,-3.641570,'2025-12-09 14:12:14'),(925,3,40.535360,-3.641590,'2025-12-09 14:12:20'),(926,3,40.535260,-3.641610,'2025-12-09 14:12:25'),(927,3,40.535170,-3.641590,'2025-12-09 14:12:30'),(928,3,40.535120,-3.641560,'2025-12-09 14:12:36'),(929,3,40.535040,-3.641470,'2025-12-09 14:12:41'),(930,3,40.534990,-3.641330,'2025-12-09 14:12:46'),(931,3,40.534870,-3.641170,'2025-12-09 14:12:51'),(932,3,40.534760,-3.641070,'2025-12-09 14:12:56'),(933,3,40.534650,-3.641020,'2025-12-09 14:13:02'),(934,3,40.534510,-3.640950,'2025-12-09 14:13:07'),(935,3,40.534400,-3.640810,'2025-12-09 14:13:12'),(936,3,40.534380,-3.640740,'2025-12-09 14:13:17'),(937,3,40.534290,-3.640590,'2025-12-09 14:13:22'),(938,3,40.534160,-3.640520,'2025-12-09 14:13:28'),(939,3,40.534060,-3.640500,'2025-12-09 14:13:33'),(940,3,40.533790,-3.640410,'2025-12-09 14:13:38'),(941,3,40.533700,-3.640370,'2025-12-09 14:13:43'),(942,3,40.533590,-3.640360,'2025-12-09 14:13:48'),(943,3,40.533420,-3.640330,'2025-12-09 14:13:54'),(944,3,40.533290,-3.640340,'2025-12-09 14:13:59'),(945,3,40.533150,-3.640390,'2025-12-09 14:14:04'),(946,3,40.533000,-3.640480,'2025-12-09 14:14:09'),(947,3,40.532870,-3.640600,'2025-12-09 14:14:14'),(948,3,40.532710,-3.640800,'2025-12-09 14:14:20'),(949,3,40.532640,-3.640860,'2025-12-09 14:14:25'),(950,3,40.532560,-3.641060,'2025-12-09 14:14:30'),(951,3,40.532210,-3.641820,'2025-12-09 14:14:36'),(952,3,40.531800,-3.642580,'2025-12-09 14:14:41'),(953,3,40.531700,-3.642760,'2025-12-09 14:14:46'),(954,3,40.531230,-3.643490,'2025-12-09 14:14:52'),(955,3,40.530930,-3.643970,'2025-12-09 14:14:57'),(956,3,40.530810,-3.644020,'2025-12-09 14:15:02'),(957,3,40.530530,-3.644480,'2025-12-09 14:15:07'),(958,3,40.530080,-3.645140,'2025-12-09 14:15:12'),(959,3,40.529530,-3.645850,'2025-12-09 14:15:18'),(960,3,40.529060,-3.646390,'2025-12-09 14:15:23'),(961,3,40.528590,-3.646890,'2025-12-09 14:15:28'),(962,3,40.527960,-3.647490,'2025-12-09 14:15:33'),(963,3,40.527500,-3.647840,'2025-12-09 14:15:39'),(964,3,40.527230,-3.648010,'2025-12-09 14:15:44'),(965,3,40.526710,-3.648300,'2025-12-09 14:15:49'),(966,3,40.525810,-3.648780,'2025-12-09 14:15:55'),(967,3,40.525330,-3.649030,'2025-12-09 14:16:00'),(968,3,40.525070,-3.649190,'2025-12-09 14:16:05'),(969,3,40.524770,-3.649380,'2025-12-09 14:16:10'),(970,3,40.524500,-3.649590,'2025-12-09 14:16:15'),(971,3,40.523480,-3.650450,'2025-12-09 14:16:21'),(972,3,40.522640,-3.651040,'2025-12-09 14:16:26'),(973,3,40.521850,-3.651560,'2025-12-09 14:16:31'),(974,3,40.521240,-3.651970,'2025-12-09 14:16:36'),(975,3,40.520990,-3.652120,'2025-12-09 14:16:41'),(976,3,40.520580,-3.652310,'2025-12-09 14:16:46'),(977,3,40.520190,-3.652450,'2025-12-09 14:16:52'),(978,3,40.519720,-3.652560,'2025-12-09 14:16:57'),(979,3,40.519020,-3.652720,'2025-12-09 14:17:02'),(980,3,40.517700,-3.653010,'2025-12-09 14:17:07'),(981,3,40.517320,-3.653110,'2025-12-09 14:17:12'),(982,3,40.516860,-3.653280,'2025-12-09 14:17:18'),(983,3,40.516520,-3.653430,'2025-12-09 14:17:23'),(984,3,40.516190,-3.653610,'2025-12-09 14:17:28'),(985,3,40.515820,-3.653850,'2025-12-09 14:17:33'),(986,3,40.515510,-3.654070,'2025-12-09 14:17:38'),(987,3,40.514950,-3.654590,'2025-12-09 14:17:43'),(988,3,40.513300,-3.656340,'2025-12-09 14:17:49'),(989,3,40.512870,-3.656780,'2025-12-09 14:17:54'),(990,3,40.512090,-3.657480,'2025-12-09 14:17:59'),(991,3,40.511680,-3.657730,'2025-12-09 14:18:04'),(992,3,40.511400,-3.657880,'2025-12-09 14:18:09'),(993,3,40.511090,-3.658010,'2025-12-09 14:18:15'),(994,3,40.510780,-3.658130,'2025-12-09 14:18:20'),(995,3,40.510360,-3.658250,'2025-12-09 14:18:25'),(996,3,40.509860,-3.658340,'2025-12-09 14:18:30'),(997,3,40.509460,-3.658370,'2025-12-09 14:18:35'),(998,3,40.508920,-3.658390,'2025-12-09 14:18:40'),(999,3,40.508420,-3.658380,'2025-12-09 14:18:46'),(1000,3,40.506160,-3.658230,'2025-12-09 14:18:51'),(1001,3,40.505760,-3.658220,'2025-12-09 14:18:56'),(1002,3,40.505240,-3.658280,'2025-12-09 14:19:01'),(1003,3,40.505020,-3.658320,'2025-12-09 14:19:06'),(1004,3,40.504800,-3.658370,'2025-12-09 14:19:11'),(1005,3,40.504520,-3.658470,'2025-12-09 14:19:17'),(1006,3,40.504140,-3.658610,'2025-12-09 14:19:22'),(1007,3,40.503990,-3.658680,'2025-12-09 14:19:27'),(1008,3,40.503640,-3.658870,'2025-12-09 14:19:32'),(1009,3,40.503150,-3.659170,'2025-12-09 14:19:37'),(1010,3,40.502900,-3.659360,'2025-12-09 14:19:43'),(1011,3,40.502390,-3.659760,'2025-12-09 14:19:48'),(1012,3,40.500750,-3.661130,'2025-12-09 14:19:53'),(1013,3,40.500040,-3.661760,'2025-12-09 14:19:58'),(1014,3,40.499460,-3.662300,'2025-12-09 14:20:03'),(1015,3,40.499120,-3.662650,'2025-12-09 14:20:09'),(1016,3,40.498090,-3.663850,'2025-12-09 14:20:14'),(1017,3,40.496570,-3.665710,'2025-12-09 14:20:19'),(1018,3,40.495150,-3.667480,'2025-12-09 14:20:24'),(1019,3,40.493530,-3.669520,'2025-12-09 14:20:29'),(1020,3,40.492670,-3.670570,'2025-12-09 14:20:34'),(1021,3,40.492390,-3.670900,'2025-12-09 14:20:40'),(1022,3,40.491940,-3.671350,'2025-12-09 14:20:45'),(1023,3,40.491520,-3.671710,'2025-12-09 14:20:50'),(1024,3,40.491320,-3.671850,'2025-12-09 14:20:55'),(1025,3,40.490920,-3.672110,'2025-12-09 14:21:00'),(1026,3,40.490590,-3.672290,'2025-12-09 14:21:06'),(1027,3,40.489900,-3.672620,'2025-12-09 14:21:11'),(1028,3,40.489740,-3.672700,'2025-12-09 14:21:16'),(1029,3,40.489580,-3.672760,'2025-12-09 14:21:21'),(1030,3,40.489270,-3.672860,'2025-12-09 14:21:26'),(1031,3,40.488700,-3.673010,'2025-12-09 14:21:32'),(1032,3,40.488040,-3.673150,'2025-12-09 14:21:37'),(1033,3,40.487150,-3.673280,'2025-12-09 14:21:42'),(1034,3,40.484590,-3.673510,'2025-12-09 14:21:47'),(1035,3,40.484000,-3.673580,'2025-12-09 14:21:52'),(1036,3,40.483120,-3.673650,'2025-12-09 14:21:58'),(1037,3,40.482360,-3.673750,'2025-12-09 14:22:03'),(1038,3,40.481070,-3.673990,'2025-12-09 14:22:08'),(1039,3,40.480400,-3.674150,'2025-12-09 14:22:13'),(1040,3,40.479760,-3.674270,'2025-12-09 14:22:18'),(1041,3,40.479270,-3.674370,'2025-12-09 14:22:24'),(1042,3,40.477930,-3.674560,'2025-12-09 14:22:29'),(1043,3,40.477670,-3.674570,'2025-12-09 14:22:34'),(1044,3,40.477490,-3.674520,'2025-12-09 14:22:39'),(1045,3,40.476570,-3.674460,'2025-12-09 14:22:44'),(1046,3,40.475960,-3.674380,'2025-12-09 14:22:50'),(1047,3,40.475740,-3.674340,'2025-12-09 14:22:55'),(1048,3,40.475260,-3.674230,'2025-12-09 14:23:00'),(1049,3,40.474810,-3.674100,'2025-12-09 14:23:05'),(1050,3,40.474070,-3.673820,'2025-12-09 14:23:10'),(1051,3,40.473540,-3.673580,'2025-12-09 14:23:16'),(1052,3,40.472560,-3.673040,'2025-12-09 14:23:21'),(1053,3,40.471600,-3.672320,'2025-12-09 14:23:26'),(1054,3,40.470930,-3.671790,'2025-12-09 14:23:31'),(1055,3,40.470330,-3.671270,'2025-12-09 14:23:36'),(1056,3,40.469620,-3.670670,'2025-12-09 14:23:42'),(1057,3,40.469140,-3.670280,'2025-12-09 14:23:47'),(1058,3,40.468180,-3.669530,'2025-12-09 14:23:52'),(1059,3,40.467440,-3.669040,'2025-12-09 14:23:57'),(1060,3,40.467030,-3.668770,'2025-12-09 14:24:03'),(1061,3,40.465430,-3.667830,'2025-12-09 14:24:08'),(1062,3,40.464360,-3.667260,'2025-12-09 14:24:13'),(1063,3,40.461620,-3.665880,'2025-12-09 14:24:18'),(1064,3,40.459410,-3.664780,'2025-12-09 14:24:24'),(1065,3,40.458440,-3.664360,'2025-12-09 14:24:29'),(1066,3,40.457640,-3.664080,'2025-12-09 14:24:34'),(1067,3,40.456390,-3.663720,'2025-12-09 14:24:39'),(1068,3,40.455540,-3.663560,'2025-12-09 14:24:44'),(1069,3,40.454260,-3.663390,'2025-12-09 14:24:50'),(1070,3,40.452880,-3.663220,'2025-12-09 14:24:55'),(1071,3,40.451270,-3.662970,'2025-12-09 14:25:00'),(1072,3,40.450740,-3.662880,'2025-12-09 14:25:05'),(1073,3,40.449820,-3.662680,'2025-12-09 14:25:10'),(1074,3,40.449150,-3.662510,'2025-12-09 14:25:15'),(1075,3,40.448520,-3.662340,'2025-12-09 14:25:21'),(1076,3,40.447770,-3.662110,'2025-12-09 14:25:26'),(1077,3,40.447120,-3.661880,'2025-12-09 14:25:31'),(1078,3,40.446160,-3.661510,'2025-12-09 14:25:36'),(1079,3,40.445740,-3.661340,'2025-12-09 14:25:41'),(1080,3,40.445300,-3.661110,'2025-12-09 14:25:47'),(1081,3,40.444370,-3.660560,'2025-12-09 14:25:52'),(1082,3,40.443720,-3.660210,'2025-12-09 14:25:57'),(1083,3,40.443260,-3.659990,'2025-12-09 14:26:02'),(1084,3,40.442810,-3.659790,'2025-12-09 14:26:07'),(1085,3,40.442280,-3.659590,'2025-12-09 14:26:13'),(1086,3,40.441830,-3.659460,'2025-12-09 14:26:18'),(1087,3,40.441280,-3.659340,'2025-12-09 14:26:23'),(1088,3,40.440520,-3.659240,'2025-12-09 14:26:28'),(1089,3,40.440310,-3.659230,'2025-12-09 14:26:33'),(1090,3,40.439720,-3.659240,'2025-12-09 14:26:39'),(1091,3,40.438890,-3.659310,'2025-12-09 14:26:44'),(1092,3,40.438490,-3.659370,'2025-12-09 14:26:49'),(1093,3,40.437550,-3.659560,'2025-12-09 14:26:54'),(1094,3,40.435950,-3.659910,'2025-12-09 14:27:00'),(1095,3,40.435370,-3.660020,'2025-12-09 14:27:05'),(1096,3,40.433870,-3.660330,'2025-12-09 14:27:10'),(1097,3,40.432910,-3.660550,'2025-12-09 14:27:15'),(1098,3,40.432720,-3.660600,'2025-12-09 14:27:20'),(1099,3,40.432380,-3.660680,'2025-12-09 14:27:26'),(1100,3,40.431870,-3.660760,'2025-12-09 14:27:31'),(1101,3,40.431500,-3.660800,'2025-12-09 14:27:36'),(1102,3,40.430890,-3.660780,'2025-12-09 14:27:41'),(1103,3,40.429920,-3.660660,'2025-12-09 14:27:47'),(1104,3,40.429420,-3.660600,'2025-12-09 14:27:52'),(1105,3,40.428980,-3.660530,'2025-12-09 14:27:57'),(1106,3,40.428910,-3.660600,'2025-12-09 14:28:02'),(1107,3,40.428900,-3.660610,'2025-12-09 14:28:07'),(1108,3,40.428400,-3.660560,'2025-12-09 14:28:13'),(1109,3,40.428380,-3.660570,'2025-12-09 14:28:18'),(1110,3,40.428310,-3.660620,'2025-12-09 14:28:23'),(1111,3,40.427730,-3.660570,'2025-12-09 14:28:28'),(1112,3,40.427200,-3.660520,'2025-12-09 14:28:33'),(1113,3,40.426620,-3.660420,'2025-12-09 14:28:39'),(1114,3,40.425800,-3.660230,'2025-12-09 14:28:44'),(1115,3,40.424710,-3.659930,'2025-12-09 14:28:49'),(1116,3,40.424330,-3.659850,'2025-12-09 14:28:54'),(1117,3,40.422770,-3.659590,'2025-12-09 14:28:59'),(1118,3,40.422200,-3.659490,'2025-12-09 14:29:05'),(1119,3,40.420260,-3.659180,'2025-12-09 14:29:10'),(1120,3,40.419520,-3.659080,'2025-12-09 14:29:15'),(1121,3,40.419300,-3.659070,'2025-12-09 14:29:20'),(1122,3,40.418750,-3.659060,'2025-12-09 14:29:25'),(1123,3,40.418280,-3.659100,'2025-12-09 14:29:31'),(1124,3,40.417920,-3.659170,'2025-12-09 14:29:36'),(1125,3,40.417460,-3.659310,'2025-12-09 14:29:41'),(1126,3,40.416870,-3.659550,'2025-12-09 14:29:46'),(1127,3,40.416420,-3.659790,'2025-12-09 14:29:52'),(1128,3,40.415450,-3.660410,'2025-12-09 14:29:57'),(1129,3,40.414770,-3.660850,'2025-12-09 14:30:02'),(1130,3,40.414160,-3.661260,'2025-12-09 14:30:07'),(1131,3,40.412670,-3.662200,'2025-12-09 14:30:12'),(1132,3,40.411980,-3.662620,'2025-12-09 14:30:18'),(1133,3,40.411650,-3.662790,'2025-12-09 14:30:23'),(1134,3,40.411230,-3.663030,'2025-12-09 14:30:28'),(1135,3,40.410520,-3.663430,'2025-12-09 14:30:33'),(1136,3,40.409910,-3.663750,'2025-12-09 14:30:39'),(1137,3,40.408850,-3.664290,'2025-12-09 14:30:44'),(1138,3,40.408650,-3.664370,'2025-12-09 14:30:49'),(1139,3,40.408320,-3.664450,'2025-12-09 14:30:54'),(1140,3,40.407960,-3.664460,'2025-12-09 14:31:00'),(1141,3,40.407670,-3.664420,'2025-12-09 14:31:05'),(1142,3,40.407230,-3.664240,'2025-12-09 14:31:10'),(1143,3,40.406880,-3.664000,'2025-12-09 14:31:15'),(1144,3,40.406610,-3.663690,'2025-12-09 14:31:21'),(1145,3,40.406500,-3.663540,'2025-12-09 14:31:26'),(1146,3,40.406250,-3.663140,'2025-12-09 14:31:31'),(1147,3,40.406180,-3.663000,'2025-12-09 14:31:36'),(1148,3,40.406080,-3.662760,'2025-12-09 14:31:42'),(1149,3,40.405980,-3.662290,'2025-12-09 14:31:47'),(1150,3,40.405860,-3.660630,'2025-12-09 14:31:52'),(1151,3,40.405790,-3.659320,'2025-12-09 14:31:57'),(1152,3,40.405760,-3.658670,'2025-12-09 14:32:03'),(1153,3,40.405730,-3.658510,'2025-12-09 14:32:08'),(1154,3,40.405720,-3.658330,'2025-12-09 14:32:13'),(1155,3,40.405710,-3.658190,'2025-12-09 14:32:18'),(1156,3,40.405700,-3.657880,'2025-12-09 14:32:23'),(1157,3,40.405660,-3.657540,'2025-12-09 14:32:29'),(1158,3,40.405560,-3.656960,'2025-12-09 14:32:34'),(1159,3,40.405510,-3.656780,'2025-12-09 14:32:39'),(1160,3,40.405430,-3.656650,'2025-12-09 14:32:44'),(1161,3,40.405310,-3.656220,'2025-12-09 14:32:50'),(1162,3,40.405140,-3.655710,'2025-12-09 14:32:55'),(1163,3,40.405020,-3.655380,'2025-12-09 14:33:00'),(1164,3,40.404890,-3.655070,'2025-12-09 14:33:05'),(1165,3,40.404620,-3.654520,'2025-12-09 14:33:10'),(1166,3,40.404420,-3.654170,'2025-12-09 14:33:16'),(1167,3,40.404120,-3.653750,'2025-12-09 14:33:21'),(1168,3,40.403650,-3.653150,'2025-12-09 14:33:26'),(1169,3,40.402850,-3.652270,'2025-12-09 14:33:31'),(1170,3,40.401400,-3.650660,'2025-12-09 14:33:37'),(1171,3,40.399640,-3.648710,'2025-12-09 14:33:42'),(1172,3,40.397500,-3.646330,'2025-12-09 14:33:47'),(1173,3,40.396950,-3.645730,'2025-12-09 14:33:52'),(1174,3,40.396590,-3.645300,'2025-12-09 14:33:57'),(1175,3,40.396140,-3.644700,'2025-12-09 14:34:03'),(1176,3,40.395870,-3.644280,'2025-12-09 14:34:08'),(1177,3,40.395490,-3.643540,'2025-12-09 14:34:14'),(1178,3,40.395250,-3.642930,'2025-12-09 14:34:19'),(1179,3,40.395100,-3.642470,'2025-12-09 14:34:24'),(1180,3,40.395000,-3.642330,'2025-12-09 14:34:29'),(1181,3,40.394930,-3.642260,'2025-12-09 14:34:34'),(1182,3,40.394870,-3.642270,'2025-12-09 14:34:39'),(1183,3,40.394600,-3.642430,'2025-12-09 14:34:44'),(1184,3,40.394560,-3.642450,'2025-12-09 14:34:50'),(1185,3,40.394470,-3.642520,'2025-12-09 14:34:55'),(1186,3,40.394440,-3.642490,'2025-12-09 14:35:00'),(1187,3,40.394390,-3.642390,'2025-12-09 14:35:05'),(1188,3,40.394360,-3.642310,'2025-12-09 14:35:10'),(1189,3,40.394330,-3.642130,'2025-12-09 14:35:16'),(1190,3,40.394260,-3.641860,'2025-12-09 14:35:21'),(1191,3,40.394130,-3.641520,'2025-12-09 14:35:26'),(1192,3,40.394050,-3.641320,'2025-12-09 14:35:31'),(1193,3,40.393740,-3.640700,'2025-12-09 14:35:36'),(1194,3,40.393680,-3.640680,'2025-12-09 14:35:42'),(1195,3,40.393570,-3.640560,'2025-12-09 14:35:47'),(1196,1,40.389708,-3.640147,'2025-12-10 20:29:07'),(1197,7,40.379961,-3.608505,'2025-12-12 00:15:34'),(1198,7,40.379700,-3.608390,'2025-12-12 00:15:36'),(1199,7,40.379100,-3.608090,'2025-12-12 00:15:41'),(1200,7,40.378950,-3.608610,'2025-12-12 00:15:47'),(1201,7,40.379270,-3.608780,'2025-12-12 00:15:52'),(1202,7,40.380250,-3.609260,'2025-12-12 00:15:57'),(1203,7,40.381340,-3.609820,'2025-12-12 00:16:02'),(1204,7,40.381840,-3.610080,'2025-12-12 00:16:07'),(1205,7,40.382040,-3.610240,'2025-12-12 00:16:12'),(1206,7,40.382290,-3.610490,'2025-12-12 00:16:18'),(1207,7,40.382660,-3.610890,'2025-12-12 00:16:23'),(1208,7,40.382880,-3.611180,'2025-12-12 00:16:28'),(1209,7,40.383120,-3.611540,'2025-12-12 00:16:33'),(1210,7,40.383220,-3.611380,'2025-12-12 00:16:40'),(1211,7,40.383830,-3.610340,'2025-12-12 00:16:45'),(1212,7,40.385480,-3.607570,'2025-12-12 00:16:50'),(1213,7,40.385730,-3.607150,'2025-12-12 00:16:55'),(1214,7,40.385780,-3.607040,'2025-12-12 00:17:00'),(1215,7,40.385770,-3.607020,'2025-12-12 00:17:06'),(1216,7,40.385770,-3.606970,'2025-12-12 00:17:11'),(1217,7,40.385770,-3.606910,'2025-12-12 00:17:17'),(1218,7,40.385820,-3.606840,'2025-12-12 00:17:22'),(1219,7,40.385870,-3.606800,'2025-12-12 00:17:27'),(1220,7,40.385940,-3.606810,'2025-12-12 00:17:32'),(1221,7,40.386100,-3.606690,'2025-12-12 00:17:37'),(1222,7,40.386140,-3.606670,'2025-12-12 00:17:42'),(1223,7,40.386170,-3.606590,'2025-12-12 00:17:48'),(1224,7,40.386260,-3.606480,'2025-12-12 00:17:53'),(1225,7,40.386380,-3.606310,'2025-12-12 00:17:58'),(1226,7,40.386470,-3.606110,'2025-12-12 00:18:03'),(1227,7,40.386550,-3.605840,'2025-12-12 00:18:08'),(1228,7,40.386550,-3.605800,'2025-12-12 00:18:14'),(1229,7,40.386550,-3.605690,'2025-12-12 00:18:19'),(1230,7,40.386600,-3.605550,'2025-12-12 00:18:24'),(1231,7,40.386680,-3.605460,'2025-12-12 00:18:29'),(1232,7,40.386790,-3.605430,'2025-12-12 00:18:35'),(1233,7,40.386900,-3.605460,'2025-12-12 00:18:40'),(1234,7,40.386980,-3.605540,'2025-12-12 00:18:45'),(1235,7,40.387030,-3.605670,'2025-12-12 00:18:51'),(1236,7,40.387040,-3.605810,'2025-12-12 00:19:02'),(1237,7,40.387000,-3.605940,'2025-12-12 00:19:07'),(1238,7,40.386910,-3.606040,'2025-12-12 00:19:12'),(1239,7,40.386910,-3.606310,'2025-12-12 00:19:17'),(1240,7,40.386950,-3.606690,'2025-12-12 00:19:22'),(1241,7,40.387040,-3.607170,'2025-12-12 00:19:27'),(1242,7,40.387180,-3.607540,'2025-12-12 00:19:32'),(1243,7,40.387320,-3.607820,'2025-12-12 00:19:39'),(1244,7,40.387450,-3.608070,'2025-12-12 00:19:44'),(1245,7,40.387510,-3.608340,'2025-12-12 00:19:49'),(1246,7,40.387600,-3.608540,'2025-12-12 00:19:54'),(1247,7,40.387940,-3.609260,'2025-12-12 00:19:59'),(1248,7,40.388260,-3.610100,'2025-12-12 00:20:04'),(1249,7,40.388490,-3.610850,'2025-12-12 00:20:09'),(1250,7,40.388910,-3.612640,'2025-12-12 00:20:15'),(1251,7,40.389260,-3.614260,'2025-12-12 00:20:20'),(1252,7,40.389700,-3.616170,'2025-12-12 00:20:25'),(1253,7,40.389830,-3.616430,'2025-12-12 00:20:30'),(1254,7,40.389920,-3.616750,'2025-12-12 00:20:35'),(1255,7,40.390070,-3.617310,'2025-12-12 00:20:40'),(1256,7,40.390570,-3.619530,'2025-12-12 00:20:45'),(1257,7,40.391470,-3.623540,'2025-12-12 00:20:51'),(1258,7,40.391870,-3.625250,'2025-12-12 00:20:56'),(1259,7,40.380086,-3.608750,'2025-12-12 00:21:53'),(1260,7,40.416800,-3.703800,'2025-12-12 00:22:05');
/*!40000 ALTER TABLE `ubicacionrepartidor` ENABLE KEYS */;
UNLOCK TABLES;

--
-- Table structure for table `usuario`
--

DROP TABLE IF EXISTS `usuario`;
/*!40101 SET @saved_cs_client     = @@character_set_client */;
/*!50503 SET character_set_client = utf8mb4 */;
CREATE TABLE `usuario` (
  `idUsuario` int NOT NULL AUTO_INCREMENT,
  `nombre` varchar(100) COLLATE utf8mb4_general_ci DEFAULT NULL,
  `email` varchar(100) COLLATE utf8mb4_general_ci DEFAULT NULL,
  `password` varchar(255) COLLATE utf8mb4_general_ci DEFAULT NULL,
  `rol` enum('admin','empleado','repartidor','cliente') COLLATE utf8mb4_general_ci DEFAULT NULL,
  `telefono` varchar(50) COLLATE utf8mb4_general_ci DEFAULT NULL,
  `DireccionFacturacion` varchar(255) COLLATE utf8mb4_general_ci DEFAULT NULL,
  `NIF` varchar(20) COLLATE utf8mb4_general_ci DEFAULT NULL,
  PRIMARY KEY (`idUsuario`)
) ENGINE=InnoDB AUTO_INCREMENT=10 DEFAULT CHARSET=utf8mb4 COLLATE=utf8mb4_general_ci;
/*!40101 SET character_set_client = @saved_cs_client */;

--
-- Dumping data for table `usuario`
--

LOCK TABLES `usuario` WRITE;
/*!40000 ALTER TABLE `usuario` DISABLE KEYS */;
INSERT INTO `usuario` VALUES (1,'Administrador','admin@admin.com','123','admin','612345678',NULL,NULL),(2,'Laura Gómez','empleado@empresa.com','emple123','empleado','678901234',NULL,NULL),(3,'Juan Pérez','repartidor1@empresa.com','rep123','repartidor','699876543',NULL,NULL),(4,'María López','repartidor2@empresa.com','rep123','repartidor','622334455',NULL,NULL),(5,'Carlos Ruizz','cliente1@gmail.com','cli123','cliente','655443300','Calle Los Robles 123, 4B, Madrid','12345678A'),(6,'Ana Sánchez','cliente2@gmail.com','cli123','cliente','677889900','Avenida Libertad 55, 2A, Sevilla','98765432B'),(7,'Miguelin','miguelin@gmail.com','321','admin','612773389',NULL,NULL),(8,'Cliente Miguelin','clientemiguel@gmail.com','321','cliente','698361823','Calle de Odio el TFG 55, 3C, Barcelona','12345679B'),(9,'Repartidor Miguelin','repartidormiguel@gmail.com','321','repartidor','608917823',NULL,NULL);
/*!40000 ALTER TABLE `usuario` ENABLE KEYS */;
UNLOCK TABLES;
/*!40103 SET TIME_ZONE=@OLD_TIME_ZONE */;

/*!40101 SET SQL_MODE=@OLD_SQL_MODE */;
/*!40014 SET FOREIGN_KEY_CHECKS=@OLD_FOREIGN_KEY_CHECKS */;
/*!40014 SET UNIQUE_CHECKS=@OLD_UNIQUE_CHECKS */;
/*!40101 SET CHARACTER_SET_CLIENT=@OLD_CHARACTER_SET_CLIENT */;
/*!40101 SET CHARACTER_SET_RESULTS=@OLD_CHARACTER_SET_RESULTS */;
/*!40101 SET COLLATION_CONNECTION=@OLD_COLLATION_CONNECTION */;
/*!40111 SET SQL_NOTES=@OLD_SQL_NOTES */;

-- Dump completed on 2025-12-12  1:16:22
